2026-02-01 00:03:27 [eccprayerbot Telegram Executor] INFO  c.m.e.handler.PrayerBotHandler - Bot mentioned in chat -1002854652549: @eccprayerbot genesis 1:5-10
2026-02-01 00:03:27 [eccprayerbot Telegram Executor] DEBUG c.m.e.util.BibleReferenceParser - Successfully parsed reference: Genesis 1:5-10
2026-02-01 00:03:27 [eccprayerbot Telegram Executor] DEBUG c.m.e.service.BibleService - Getting verse: Genesis 1:5-10
2026-02-01 00:03:27 [eccprayerbot Telegram Executor] DEBUG c.m.e.service.BibleService - Verse found in cache
2026-02-01 00:03:28 [eccprayerbot Telegram Executor] INFO  c.m.e.handler.PrayerBotHandler - Successfully sent verse Genesis 1:5-10 to chat -1002854652549 in 1434ms
2026-02-01 00:03:28 [async-2] INFO  c.m.e.service.RequestLoggingService - Request logged - Chat: -1002854652549, Reference: Genesis 1:5-10, Time: 1434ms
2026-02-01 00:03:35 [eccprayerbot Telegram Executor] INFO  c.m.e.handler.PrayerBotHandler - Bot mentioned in chat -1002854652549: @eccprayerbot genesis 1:6
2026-02-01 00:03:35 [eccprayerbot Telegram Executor] DEBUG c.m.e.util.BibleReferenceParser - Successfully parsed reference: Genesis 1:6
2026-02-01 00:03:35 [eccprayerbot Telegram Executor] DEBUG c.m.e.service.BibleService - Getting verse: Genesis 1:6
2026-02-01 00:03:35 [eccprayerbot Telegram Executor] DEBUG c.m.e.service.BibleService - Verse not in cache, fetching from API
2026-02-01 00:03:35 [eccprayerbot Telegram Executor] DEBUG c.m.e.service.ApiBibleService - Fetching from API.Bible: Genesis 1:6
2026-02-01 00:03:36 [eccprayerbot Telegram Executor] DEBUG c.m.e.service.BibleService - Verse saved to cache: Genesis 1:6
2026-02-01 00:03:37 [eccprayerbot Telegram Executor] INFO  c.m.e.handler.PrayerBotHandler - Successfully sent verse Genesis 1:6 to chat -1002854652549 in 1364ms
2026-02-01 00:03:37 [async-1] INFO  c.m.e.service.RequestLoggingService - Request logged - Chat: -1002854652549, Reference: Genesis 1:6, Time: 1364ms
2026-02-01 00:03:54 [eccprayerbot Telegram Executor] INFO  c.m.e.handler.PrayerBotHandler - Bot mentioned in chat -1002854652549: @eccprayerbot genesis 1:12 NIV
2026-02-01 00:03:54 [eccprayerbot Telegram Executor] DEBUG c.m.e.util.BibleReferenceParser - Successfully parsed reference: Genesis 1:12
2026-02-01 00:03:54 [eccprayerbot Telegram Executor] DEBUG c.m.e.service.BibleService - Getting verse: Genesis 1:12
2026-02-01 00:03:54 [eccprayerbot Telegram Executor] DEBUG c.m.e.service.BibleService - Verse not in cache, fetching from API
2026-02-01 00:03:54 [eccprayerbot Telegram Executor] DEBUG c.m.e.service.YouVersionApiService - Fetching from YouVersion API: Genesis 1:12
2026-02-01 00:03:56 [eccprayerbot Telegram Executor] DEBUG c.m.e.service.BibleService - Verse saved to cache: Genesis 1:12
2026-02-01 00:03:56 [eccprayerbot Telegram Executor] INFO  c.m.e.handler.PrayerBotHandler - Successfully sent verse Genesis 1:12 to chat -1002854652549 in 2185ms
2026-02-01 00:03:56 [async-2] INFO  c.m.e.service.RequestLoggingService - Request logged - Chat: -1002854652549, Reference: Genesis 1:12, Time: 2185ms
2026-02-01 00:03:56 [async-2] WARN  c.m.e.service.RequestLoggingService - Response time exceeded 2s target: 2185ms for reference: Genesis 1:12
2026-02-01 00:07:22 [main] INFO  c.m.e.EccPrayerBotApplication - Starting EccPrayerBotApplication using Java 24.0.2 with PID 15864 (/Users/vincent/development/Server/eccprayerbot/target/classes started by vincent in /Users/vincent/development/Server/eccprayerbot)
2026-02-01 00:07:22 [main] DEBUG c.m.e.EccPrayerBotApplication - Running with Spring Boot v3.2.1, Spring v6.1.2
2026-02-01 00:07:22 [main] INFO  c.m.e.EccPrayerBotApplication - No active profile set, falling back to 1 default profile: "default"
2026-02-01 00:07:22 [main] DEBUG i.g.r.s.u.AspectJOnClasspathCondition - Aspects are not activated because AspectJ is not on the classpath.
2026-02-01 00:07:22 [main] DEBUG i.g.r.s.u.AspectJOnClasspathCondition - Aspects are not activated because AspectJ is not on the classpath.
2026-02-01 00:07:22 [main] DEBUG i.g.r.s.u.RxJava2OnClasspathCondition - RxJava2 related Aspect extensions are not activated, because RxJava2 is not on the classpath.
2026-02-01 00:07:22 [main] DEBUG i.g.r.s.u.ReactorOnClasspathCondition - Reactor related Aspect extensions are not activated because Resilience4j Reactor module is not on the classpath.
2026-02-01 00:07:22 [main] DEBUG i.g.r.s.u.AspectJOnClasspathCondition - Aspects are not activated because AspectJ is not on the classpath.
2026-02-01 00:07:22 [main] DEBUG i.g.r.s.u.RxJava2OnClasspathCondition - RxJava2 related Aspect extensions are not activated, because RxJava2 is not on the classpath.
2026-02-01 00:07:22 [main] DEBUG i.g.r.s.u.ReactorOnClasspathCondition - Reactor related Aspect extensions are not activated because Resilience4j Reactor module is not on the classpath.
2026-02-01 00:07:22 [main] DEBUG i.g.r.s.u.AspectJOnClasspathCondition - Aspects are not activated because AspectJ is not on the classpath.
2026-02-01 00:07:22 [main] DEBUG i.g.r.s.u.RxJava2OnClasspathCondition - RxJava2 related Aspect extensions are not activated, because RxJava2 is not on the classpath.
2026-02-01 00:07:22 [main] DEBUG i.g.r.s.u.ReactorOnClasspathCondition - Reactor related Aspect extensions are not activated because Resilience4j Reactor module is not on the classpath.
2026-02-01 00:07:22 [main] DEBUG i.g.r.s.u.AspectJOnClasspathCondition - Aspects are not activated because AspectJ is not on the classpath.
2026-02-01 00:07:22 [main] DEBUG i.g.r.s.u.RxJava2OnClasspathCondition - RxJava2 related Aspect extensions are not activated, because RxJava2 is not on the classpath.
2026-02-01 00:07:22 [main] DEBUG i.g.r.s.u.ReactorOnClasspathCondition - Reactor related Aspect extensions are not activated because Resilience4j Reactor module is not on the classpath.
2026-02-01 00:07:22 [main] DEBUG i.g.r.s.u.AspectJOnClasspathCondition - Aspects are not activated because AspectJ is not on the classpath.
2026-02-01 00:07:22 [main] DEBUG i.g.r.s.u.RxJava2OnClasspathCondition - RxJava2 related Aspect extensions are not activated, because RxJava2 is not on the classpath.
2026-02-01 00:07:22 [main] DEBUG i.g.r.s.u.ReactorOnClasspathCondition - Reactor related Aspect extensions are not activated because Resilience4j Reactor module is not on the classpath.
2026-02-01 00:07:22 [main] DEBUG i.g.r.s.u.AspectJOnClasspathCondition - Aspects are not activated because AspectJ is not on the classpath.
2026-02-01 00:07:22 [main] DEBUG i.g.r.s.u.RxJava2OnClasspathCondition - RxJava2 related Aspect extensions are not activated, because RxJava2 is not on the classpath.
2026-02-01 00:07:22 [main] DEBUG i.g.r.s.u.ReactorOnClasspathCondition - Reactor related Aspect extensions are not activated because Resilience4j Reactor module is not on the classpath.
2026-02-01 00:07:22 [main] INFO  o.s.d.r.c.RepositoryConfigurationDelegate - Bootstrapping Spring Data MongoDB repositories in DEFAULT mode.
2026-02-01 00:07:22 [main] INFO  o.s.d.r.c.RepositoryConfigurationDelegate - Finished Spring Data repository scanning in 60 ms. Found 2 MongoDB repository interfaces.
2026-02-01 00:07:23 [main] INFO  o.s.b.w.e.tomcat.TomcatWebServer - Tomcat initialized with port 8080 (http)
2026-02-01 00:07:23 [main] INFO  o.a.catalina.core.StandardService - Starting service [Tomcat]
2026-02-01 00:07:23 [main] INFO  o.a.catalina.core.StandardEngine - Starting Servlet engine: [Apache Tomcat/10.1.17]
2026-02-01 00:07:23 [main] INFO  o.a.c.c.C.[Tomcat].[localhost].[/] - Initializing Spring embedded WebApplicationContext
2026-02-01 00:07:23 [main] INFO  o.s.b.w.s.c.ServletWebServerApplicationContext - Root WebApplicationContext: initialization completed in 572 ms
2026-02-01 00:07:23 [main] INFO  org.mongodb.driver.cluster - Adding discovered server ac-64zsolc-shard-00-00.fppk0fu.mongodb.net:27017 to client view of cluster
2026-02-01 00:07:23 [main] INFO  org.mongodb.driver.cluster - Adding discovered server ac-64zsolc-shard-00-01.fppk0fu.mongodb.net:27017 to client view of cluster
2026-02-01 00:07:23 [main] INFO  org.mongodb.driver.cluster - Adding discovered server ac-64zsolc-shard-00-02.fppk0fu.mongodb.net:27017 to client view of cluster
2026-02-01 00:07:23 [main] INFO  org.mongodb.driver.client - MongoClient with metadata {"application": {"name": "Cluster0"}, "driver": {"name": "mongo-java-driver|sync|spring-boot", "version": "4.11.1"}, "os": {"type": "Darwin", "name": "Mac OS X", "architecture": "aarch64", "version": "26.1"}, "platform": "Java/Oracle Corporation/24.0.2+12-54"} created with settings MongoClientSettings{readPreference=primary, writeConcern=WriteConcern{w=null, wTimeout=null ms, journal=null}, retryWrites=true, retryReads=true, readConcern=ReadConcern{level=null}, credential=MongoCredential{mechanism=null, userName='itsvinnie27_db_user', source='admin', password=<hidden>, mechanismProperties=<hidden>}, transportSettings=null, streamFactoryFactory=null, commandListeners=[], codecRegistry=ProvidersCodecRegistry{codecProviders=[ValueCodecProvider{}, BsonValueCodecProvider{}, DBRefCodecProvider{}, DBObjectCodecProvider{}, DocumentCodecProvider{}, CollectionCodecProvider{}, IterableCodecProvider{}, MapCodecProvider{}, GeoJsonCodecProvider{}, GridFSFileCodecProvider{}, Jsr310CodecProvider{}, JsonObjectCodecProvider{}, BsonCodecProvider{}, EnumCodecProvider{}, com.mongodb.client.model.mql.ExpressionCodecProvider@6734ff92, com.mongodb.Jep395RecordCodecProvider@51eb0e84, com.mongodb.KotlinCodecProvider@4ce267cc]}, loggerSettings=LoggerSettings{maxDocumentLength=1000}, clusterSettings={hosts=[ac-64zsolc-shard-00-00.fppk0fu.mongodb.net:27017, ac-64zsolc-shard-00-01.fppk0fu.mongodb.net:27017, ac-64zsolc-shard-00-02.fppk0fu.mongodb.net:27017], srvServiceName=mongodb, mode=MULTIPLE, requiredClusterType=REPLICA_SET, requiredReplicaSetName='atlas-rf38w7-shard-0', serverSelector='null', clusterListeners='[]', serverSelectionTimeout='30000 ms', localThreshold='15 ms'}, socketSettings=SocketSettings{connectTimeoutMS=10000, readTimeoutMS=0, receiveBufferSize=0, proxySettings=ProxySettings{host=null, port=null, username=null, password=null}}, heartbeatSocketSettings=SocketSettings{connectTimeoutMS=10000, readTimeoutMS=10000, receiveBufferSize=0, proxySettings=ProxySettings{host=null, port=null, username=null, password=null}}, connectionPoolSettings=ConnectionPoolSettings{maxSize=100, minSize=0, maxWaitTimeMS=120000, maxConnectionLifeTimeMS=0, maxConnectionIdleTimeMS=0, maintenanceInitialDelayMS=0, maintenanceFrequencyMS=60000, connectionPoolListeners=[], maxConnecting=2}, serverSettings=ServerSettings{heartbeatFrequencyMS=10000, minHeartbeatFrequencyMS=500, serverListeners='[]', serverMonitorListeners='[]'}, sslSettings=SslSettings{enabled=true, invalidHostNameAllowed=false, context=null}, applicationName='Cluster0', compressorList=[], uuidRepresentation=JAVA_LEGACY, serverApi=null, autoEncryptionSettings=null, dnsClient=null, inetAddressResolver=null, contextProvider=null}
2026-02-01 00:07:23 [main] INFO  c.m.e.handler.PrayerBotHandler - ECCPrayerBot initialized as @eccprayerbot
2026-02-01 00:07:23 [cluster-ClusterId{value='697e7d1b7ceea478d3e39cc2', description='Cluster0'}-ac-64zsolc-shard-00-00.fppk0fu.mongodb.net:27017] INFO  org.mongodb.driver.cluster - Monitor thread successfully connected to server with description ServerDescription{address=ac-64zsolc-shard-00-00.fppk0fu.mongodb.net:27017, type=REPLICA_SET_SECONDARY, state=CONNECTED, ok=true, minWireVersion=0, maxWireVersion=25, maxDocumentSize=16777216, logicalSessionTimeoutMinutes=30, roundTripTimeNanos=209444500, setName='atlas-rf38w7-shard-0', canonicalAddress=ac-64zsolc-shard-00-00.fppk0fu.mongodb.net:27017, hosts=[ac-64zsolc-shard-00-00.fppk0fu.mongodb.net:27017, ac-64zsolc-shard-00-01.fppk0fu.mongodb.net:27017, ac-64zsolc-shard-00-02.fppk0fu.mongodb.net:27017], passives=[], arbiters=[], primary='ac-64zsolc-shard-00-01.fppk0fu.mongodb.net:27017', tagSet=TagSet{[Tag{name='availabilityZone', value='afs1-az1'}, Tag{name='diskState', value='READY'}, Tag{name='nodeType', value='ELECTABLE'}, Tag{name='provider', value='AWS'}, Tag{name='region', value='AF_SOUTH_1'}, Tag{name='workloadType', value='OPERATIONAL'}]}, electionId=null, setVersion=50, topologyVersion=TopologyVersion{processId=697b7458f5a488c37bf7aaa7, counter=4}, lastWriteDate=Sun Feb 01 00:07:17 SAST 2026, lastUpdateTimeNanos=63958670575583}
2026-02-01 00:07:23 [cluster-ClusterId{value='697e7d1b7ceea478d3e39cc2', description='Cluster0'}-ac-64zsolc-shard-00-02.fppk0fu.mongodb.net:27017] INFO  org.mongodb.driver.cluster - Monitor thread successfully connected to server with description ServerDescription{address=ac-64zsolc-shard-00-02.fppk0fu.mongodb.net:27017, type=REPLICA_SET_SECONDARY, state=CONNECTED, ok=true, minWireVersion=0, maxWireVersion=25, maxDocumentSize=16777216, logicalSessionTimeoutMinutes=30, roundTripTimeNanos=209659958, setName='atlas-rf38w7-shard-0', canonicalAddress=ac-64zsolc-shard-00-02.fppk0fu.mongodb.net:27017, hosts=[ac-64zsolc-shard-00-00.fppk0fu.mongodb.net:27017, ac-64zsolc-shard-00-01.fppk0fu.mongodb.net:27017, ac-64zsolc-shard-00-02.fppk0fu.mongodb.net:27017], passives=[], arbiters=[], primary='ac-64zsolc-shard-00-01.fppk0fu.mongodb.net:27017', tagSet=TagSet{[Tag{name='availabilityZone', value='afs1-az3'}, Tag{name='diskState', value='READY'}, Tag{name='nodeType', value='ELECTABLE'}, Tag{name='provider', value='AWS'}, Tag{name='region', value='AF_SOUTH_1'}, Tag{name='workloadType', value='OPERATIONAL'}]}, electionId=null, setVersion=50, topologyVersion=TopologyVersion{processId=697b7951c606972c8754de14, counter=3}, lastWriteDate=Sun Feb 01 00:07:17 SAST 2026, lastUpdateTimeNanos=63958670559333}
2026-02-01 00:07:23 [cluster-ClusterId{value='697e7d1b7ceea478d3e39cc2', description='Cluster0'}-ac-64zsolc-shard-00-01.fppk0fu.mongodb.net:27017] INFO  org.mongodb.driver.cluster - Monitor thread successfully connected to server with description ServerDescription{address=ac-64zsolc-shard-00-01.fppk0fu.mongodb.net:27017, type=REPLICA_SET_PRIMARY, state=CONNECTED, ok=true, minWireVersion=0, maxWireVersion=25, maxDocumentSize=16777216, logicalSessionTimeoutMinutes=30, roundTripTimeNanos=207691125, setName='atlas-rf38w7-shard-0', canonicalAddress=ac-64zsolc-shard-00-01.fppk0fu.mongodb.net:27017, hosts=[ac-64zsolc-shard-00-00.fppk0fu.mongodb.net:27017, ac-64zsolc-shard-00-01.fppk0fu.mongodb.net:27017, ac-64zsolc-shard-00-02.fppk0fu.mongodb.net:27017], passives=[], arbiters=[], primary='ac-64zsolc-shard-00-01.fppk0fu.mongodb.net:27017', tagSet=TagSet{[Tag{name='availabilityZone', value='afs1-az2'}, Tag{name='diskState', value='READY'}, Tag{name='nodeType', value='ELECTABLE'}, Tag{name='provider', value='AWS'}, Tag{name='region', value='AF_SOUTH_1'}, Tag{name='workloadType', value='OPERATIONAL'}]}, electionId=7fffffff000000000000006a, setVersion=50, topologyVersion=TopologyVersion{processId=697b7662880da86964756896, counter=6}, lastWriteDate=Sun Feb 01 00:07:17 SAST 2026, lastUpdateTimeNanos=63958670540875}
2026-02-01 00:07:23 [cluster-ClusterId{value='697e7d1b7ceea478d3e39cc2', description='Cluster0'}-ac-64zsolc-shard-00-01.fppk0fu.mongodb.net:27017] INFO  org.mongodb.driver.cluster - Discovered replica set primary ac-64zsolc-shard-00-01.fppk0fu.mongodb.net:27017 with max election id 7fffffff000000000000006a and max set version 50
2026-02-01 00:07:24 [main] INFO  c.m.e.config.BotConfiguration - Telegram bot registered successfully
2026-02-01 00:07:24 [main] INFO  o.s.b.w.e.tomcat.TomcatWebServer - Tomcat started on port 8080 (http) with context path ''
2026-02-01 00:07:24 [main] INFO  c.m.e.EccPrayerBotApplication - Started EccPrayerBotApplication in 2.142 seconds (process running for 2.44)
2026-02-01 00:07:36 [eccprayerbot Telegram Executor] INFO  c.m.e.handler.PrayerBotHandler - Bot mentioned in chat -1002854652549: @eccprayerbot genesis 1:12 NIV
2026-02-01 00:07:36 [eccprayerbot Telegram Executor] DEBUG c.m.e.util.BibleReferenceParser - Successfully parsed reference: Genesis 1:12
2026-02-01 00:07:36 [eccprayerbot Telegram Executor] DEBUG c.m.e.service.BibleService - Getting verse: Genesis 1:12
2026-02-01 00:07:37 [eccprayerbot Telegram Executor] DEBUG c.m.e.service.BibleService - Verse found in cache
2026-02-01 00:07:37 [eccprayerbot Telegram Executor] INFO  c.m.e.handler.PrayerBotHandler - Successfully sent verse Genesis 1:12 to chat -1002854652549 in 1046ms
2026-02-01 00:07:38 [async-1] INFO  c.m.e.service.RequestLoggingService - Request logged - Chat: -1002854652549, Reference: Genesis 1:12, Time: 1046ms
2026-02-01 00:07:55 [eccprayerbot Telegram Executor] INFO  c.m.e.handler.PrayerBotHandler - Bot mentioned in chat -1002854652549: @eccprayerbot genesis 1:13 NIV
2026-02-01 00:07:55 [eccprayerbot Telegram Executor] DEBUG c.m.e.util.BibleReferenceParser - Successfully parsed reference: Genesis 1:13
2026-02-01 00:07:55 [eccprayerbot Telegram Executor] DEBUG c.m.e.service.BibleService - Getting verse: Genesis 1:13
2026-02-01 00:07:55 [eccprayerbot Telegram Executor] DEBUG c.m.e.service.BibleService - Verse not in cache, fetching from API
2026-02-01 00:07:55 [eccprayerbot Telegram Executor] DEBUG c.m.e.service.YouVersionApiService - Fetching from YouVersion API: Genesis 1:13
2026-02-01 00:07:55 [eccprayerbot Telegram Executor] ERROR i.n.r.d.DnsServerAddressStreamProviders - Unable to load io.netty.resolver.dns.macos.MacOSDnsServerAddressStreamProvider, fallback to system defaults. This may result in incorrect DNS resolutions on MacOS. Check whether you have a dependency on 'io.netty:netty-resolver-dns-native-macos'. Use DEBUG level to see the full stack: java.lang.UnsatisfiedLinkError: failed to load the required native library
2026-02-01 00:07:56 [eccprayerbot Telegram Executor] DEBUG c.m.e.service.BibleService - Verse saved to cache: Genesis 1:13
2026-02-01 00:07:56 [eccprayerbot Telegram Executor] INFO  c.m.e.handler.PrayerBotHandler - Successfully sent verse Genesis 1:13 to chat -1002854652549 in 1474ms
2026-02-01 00:07:56 [async-2] INFO  c.m.e.service.RequestLoggingService - Request logged - Chat: -1002854652549, Reference: Genesis 1:13, Time: 1474ms
2026-02-01 00:08:16 [eccprayerbot Telegram Executor] INFO  c.m.e.handler.PrayerBotHandler - Bot mentioned in chat -1002846161452: @eccprayerbot genesis 1:14 NIV
2026-02-01 00:08:16 [eccprayerbot Telegram Executor] DEBUG c.m.e.util.BibleReferenceParser - Successfully parsed reference: Genesis 1:14
2026-02-01 00:08:16 [eccprayerbot Telegram Executor] DEBUG c.m.e.service.BibleService - Getting verse: Genesis 1:14
2026-02-01 00:08:16 [eccprayerbot Telegram Executor] DEBUG c.m.e.service.BibleService - Verse not in cache, fetching from API
2026-02-01 00:08:16 [eccprayerbot Telegram Executor] DEBUG c.m.e.service.YouVersionApiService - Fetching from YouVersion API: Genesis 1:14
2026-02-01 00:08:17 [eccprayerbot Telegram Executor] DEBUG c.m.e.service.BibleService - Verse saved to cache: Genesis 1:14
2026-02-01 00:08:18 [eccprayerbot Telegram Executor] INFO  c.m.e.handler.PrayerBotHandler - Successfully sent verse Genesis 1:14 to chat -1002846161452 in 1517ms
2026-02-01 00:08:18 [async-1] INFO  c.m.e.service.RequestLoggingService - Request logged - Chat: -1002846161452, Reference: Genesis 1:14, Time: 1517ms
2026-02-01 00:08:26 [eccprayerbot Telegram Executor] INFO  c.m.e.handler.PrayerBotHandler - Bot mentioned in chat -1002846161452: @eccprayerbot genesis 1:12 AMP
2026-02-01 00:08:26 [eccprayerbot Telegram Executor] DEBUG c.m.e.util.BibleReferenceParser - Successfully parsed reference: Genesis 1:12
2026-02-01 00:08:26 [eccprayerbot Telegram Executor] DEBUG c.m.e.service.BibleService - Getting verse: Genesis 1:12
2026-02-01 00:08:26 [eccprayerbot Telegram Executor] DEBUG c.m.e.service.BibleService - Verse not in cache, fetching from API
2026-02-01 00:08:26 [eccprayerbot Telegram Executor] DEBUG c.m.e.service.YouVersionApiService - Fetching from YouVersion API: Genesis 1:12
2026-02-01 00:08:27 [eccprayerbot Telegram Executor] DEBUG c.m.e.service.BibleService - Verse saved to cache: Genesis 1:12
2026-02-01 00:08:27 [eccprayerbot Telegram Executor] INFO  c.m.e.handler.PrayerBotHandler - Successfully sent verse Genesis 1:12 to chat -1002846161452 in 1315ms
2026-02-01 00:08:27 [async-2] INFO  c.m.e.service.RequestLoggingService - Request logged - Chat: -1002846161452, Reference: Genesis 1:12, Time: 1315ms
2026-02-01 00:08:41 [eccprayerbot Telegram Executor] INFO  c.m.e.handler.PrayerBotHandler - Bot mentioned in chat -1002846161452: @eccprayerbot genesis 1:12 web
2026-02-01 00:08:41 [eccprayerbot Telegram Executor] DEBUG c.m.e.util.BibleReferenceParser - Successfully parsed reference: Genesis 1:12
2026-02-01 00:08:41 [eccprayerbot Telegram Executor] DEBUG c.m.e.service.BibleService - Getting verse: Genesis 1:12
2026-02-01 00:08:41 [eccprayerbot Telegram Executor] DEBUG c.m.e.service.BibleService - Verse not in cache, fetching from API
2026-02-01 00:08:41 [eccprayerbot Telegram Executor] DEBUG c.m.e.service.ApiBibleService - Fetching from API.Bible: Genesis 1:12
2026-02-01 00:08:47 [eccprayerbot Telegram Executor] ERROR c.m.e.handler.PrayerBotHandler - Error processing message in chat -1002846161452
java.lang.IllegalStateException: Timeout on blocking read for 5000000000 NANOSECONDS
	at reactor.core.publisher.BlockingSingleSubscriber.blockingGet(BlockingSingleSubscriber.java:127)
	at reactor.core.publisher.Mono.block(Mono.java:1754)
	at com.mapharitechnologies.eccprayerbot.service.ApiBibleService.fetchVerse(ApiBibleService.java:181)
	at com.mapharitechnologies.eccprayerbot.service.BibleService.getVerse(BibleService.java:51)
	at com.mapharitechnologies.eccprayerbot.handler.PrayerBotHandler.onUpdateReceived(PrayerBotHandler.java:111)
	at java.base/java.util.ArrayList.forEach(ArrayList.java:1604)
	at org.telegram.telegrambots.meta.generics.LongPollingBot.onUpdatesReceived(LongPollingBot.java:27)
	at org.telegram.telegrambots.updatesreceivers.DefaultBotSession$HandlerThread.run(DefaultBotSession.java:312)
2026-02-01 00:08:47 [async-1] WARN  c.m.e.service.RequestLoggingService - Failed request logged - Chat: -1002846161452, Error: Timeout on blocking read for 5000000000 NANOSECONDS
2026-02-01 00:11:45 [main] INFO  c.m.e.EccprayerbotApplicationTests - Starting EccprayerbotApplicationTests using Java 24.0.2 with PID 15907 (started by vincent in /Users/vincent/development/Server/eccprayerbot)
2026-02-01 00:11:45 [main] DEBUG c.m.e.EccprayerbotApplicationTests - Running with Spring Boot v3.2.1, Spring v6.1.2
2026-02-01 00:11:45 [main] INFO  c.m.e.EccprayerbotApplicationTests - The following 1 profile is active: "test"
2026-02-01 00:11:45 [main] DEBUG i.g.r.s.u.AspectJOnClasspathCondition - Aspects are not activated because AspectJ is not on the classpath.
2026-02-01 00:11:45 [main] DEBUG i.g.r.s.u.AspectJOnClasspathCondition - Aspects are not activated because AspectJ is not on the classpath.
2026-02-01 00:11:45 [main] DEBUG i.g.r.s.u.RxJava2OnClasspathCondition - RxJava2 related Aspect extensions are not activated, because RxJava2 is not on the classpath.
2026-02-01 00:11:45 [main] DEBUG i.g.r.s.u.ReactorOnClasspathCondition - Reactor related Aspect extensions are not activated because Resilience4j Reactor module is not on the classpath.
2026-02-01 00:11:45 [main] DEBUG i.g.r.s.u.AspectJOnClasspathCondition - Aspects are not activated because AspectJ is not on the classpath.
2026-02-01 00:11:45 [main] DEBUG i.g.r.s.u.RxJava2OnClasspathCondition - RxJava2 related Aspect extensions are not activated, because RxJava2 is not on the classpath.
2026-02-01 00:11:45 [main] DEBUG i.g.r.s.u.ReactorOnClasspathCondition - Reactor related Aspect extensions are not activated because Resilience4j Reactor module is not on the classpath.
2026-02-01 00:11:45 [main] DEBUG i.g.r.s.u.AspectJOnClasspathCondition - Aspects are not activated because AspectJ is not on the classpath.
2026-02-01 00:11:45 [main] DEBUG i.g.r.s.u.RxJava2OnClasspathCondition - RxJava2 related Aspect extensions are not activated, because RxJava2 is not on the classpath.
2026-02-01 00:11:45 [main] DEBUG i.g.r.s.u.ReactorOnClasspathCondition - Reactor related Aspect extensions are not activated because Resilience4j Reactor module is not on the classpath.
2026-02-01 00:11:45 [main] DEBUG i.g.r.s.u.AspectJOnClasspathCondition - Aspects are not activated because AspectJ is not on the classpath.
2026-02-01 00:11:45 [main] DEBUG i.g.r.s.u.RxJava2OnClasspathCondition - RxJava2 related Aspect extensions are not activated, because RxJava2 is not on the classpath.
2026-02-01 00:11:45 [main] DEBUG i.g.r.s.u.ReactorOnClasspathCondition - Reactor related Aspect extensions are not activated because Resilience4j Reactor module is not on the classpath.
2026-02-01 00:11:45 [main] DEBUG i.g.r.s.u.AspectJOnClasspathCondition - Aspects are not activated because AspectJ is not on the classpath.
2026-02-01 00:11:45 [main] DEBUG i.g.r.s.u.RxJava2OnClasspathCondition - RxJava2 related Aspect extensions are not activated, because RxJava2 is not on the classpath.
2026-02-01 00:11:45 [main] DEBUG i.g.r.s.u.ReactorOnClasspathCondition - Reactor related Aspect extensions are not activated because Resilience4j Reactor module is not on the classpath.
2026-02-01 00:11:45 [main] DEBUG i.g.r.s.u.AspectJOnClasspathCondition - Aspects are not activated because AspectJ is not on the classpath.
2026-02-01 00:11:45 [main] DEBUG i.g.r.s.u.RxJava2OnClasspathCondition - RxJava2 related Aspect extensions are not activated, because RxJava2 is not on the classpath.
2026-02-01 00:11:45 [main] DEBUG i.g.r.s.u.ReactorOnClasspathCondition - Reactor related Aspect extensions are not activated because Resilience4j Reactor module is not on the classpath.
2026-02-01 00:11:45 [main] INFO  o.s.d.r.c.RepositoryConfigurationDelegate - Bootstrapping Spring Data MongoDB repositories in DEFAULT mode.
2026-02-01 00:11:45 [main] INFO  o.s.d.r.c.RepositoryConfigurationDelegate - Finished Spring Data repository scanning in 68 ms. Found 2 MongoDB repository interfaces.
2026-02-01 00:11:45 [main] INFO  org.mongodb.driver.client - MongoClient with metadata {"driver": {"name": "mongo-java-driver|sync|spring-boot", "version": "4.11.1"}, "os": {"type": "Darwin", "name": "Mac OS X", "architecture": "aarch64", "version": "26.1"}, "platform": "Java/Oracle Corporation/24.0.2+12-54"} created with settings MongoClientSettings{readPreference=primary, writeConcern=WriteConcern{w=null, wTimeout=null ms, journal=null}, retryWrites=true, retryReads=true, readConcern=ReadConcern{level=null}, credential=null, transportSettings=null, streamFactoryFactory=null, commandListeners=[], codecRegistry=ProvidersCodecRegistry{codecProviders=[ValueCodecProvider{}, BsonValueCodecProvider{}, DBRefCodecProvider{}, DBObjectCodecProvider{}, DocumentCodecProvider{}, CollectionCodecProvider{}, IterableCodecProvider{}, MapCodecProvider{}, GeoJsonCodecProvider{}, GridFSFileCodecProvider{}, Jsr310CodecProvider{}, JsonObjectCodecProvider{}, BsonCodecProvider{}, EnumCodecProvider{}, com.mongodb.client.model.mql.ExpressionCodecProvider@474e34e4, com.mongodb.Jep395RecordCodecProvider@7e2c6702, com.mongodb.KotlinCodecProvider@5fb7ab9c]}, loggerSettings=LoggerSettings{maxDocumentLength=1000}, clusterSettings={hosts=[localhost:27017], srvServiceName=mongodb, mode=SINGLE, requiredClusterType=UNKNOWN, requiredReplicaSetName='null', serverSelector='null', clusterListeners='[]', serverSelectionTimeout='30000 ms', localThreshold='15 ms'}, socketSettings=SocketSettings{connectTimeoutMS=10000, readTimeoutMS=0, receiveBufferSize=0, proxySettings=ProxySettings{host=null, port=null, username=null, password=null}}, heartbeatSocketSettings=SocketSettings{connectTimeoutMS=10000, readTimeoutMS=10000, receiveBufferSize=0, proxySettings=ProxySettings{host=null, port=null, username=null, password=null}}, connectionPoolSettings=ConnectionPoolSettings{maxSize=100, minSize=0, maxWaitTimeMS=120000, maxConnectionLifeTimeMS=0, maxConnectionIdleTimeMS=0, maintenanceInitialDelayMS=0, maintenanceFrequencyMS=60000, connectionPoolListeners=[], maxConnecting=2}, serverSettings=ServerSettings{heartbeatFrequencyMS=10000, minHeartbeatFrequencyMS=500, serverListeners='[]', serverMonitorListeners='[]'}, sslSettings=SslSettings{enabled=false, invalidHostNameAllowed=false, context=null}, applicationName='null', compressorList=[], uuidRepresentation=JAVA_LEGACY, serverApi=null, autoEncryptionSettings=null, dnsClient=null, inetAddressResolver=null, contextProvider=null}
2026-02-01 00:11:45 [cluster-ClusterId{value='697e7e21a21b713bb388a9d5', description='null'}-localhost:27017] INFO  org.mongodb.driver.cluster - Exception in monitor thread while connecting to server localhost:27017
com.mongodb.MongoSocketOpenException: Exception opening socket
	at com.mongodb.internal.connection.SocketStream.lambda$open$0(SocketStream.java:84)
	at java.base/java.util.Optional.orElseThrow(Optional.java:403)
	at com.mongodb.internal.connection.SocketStream.open(SocketStream.java:84)
	at com.mongodb.internal.connection.InternalStreamConnection.open(InternalStreamConnection.java:211)
	at com.mongodb.internal.connection.DefaultServerMonitor$ServerMonitorRunnable.lookupServerDescription(DefaultServerMonitor.java:196)
	at com.mongodb.internal.connection.DefaultServerMonitor$ServerMonitorRunnable.run(DefaultServerMonitor.java:156)
	at java.base/java.lang.Thread.run(Thread.java:1447)
Caused by: java.net.ConnectException: Connection refused
	at java.base/sun.nio.ch.Net.pollConnect(Native Method)
	at java.base/sun.nio.ch.Net.pollConnectNow(Net.java:628)
	at java.base/sun.nio.ch.NioSocketImpl.timedFinishConnect(NioSocketImpl.java:533)
	at java.base/sun.nio.ch.NioSocketImpl.connect(NioSocketImpl.java:583)
	at java.base/java.net.SocksSocketImpl.connect(SocksSocketImpl.java:282)
	at java.base/java.net.Socket.connect(Socket.java:665)
	at com.mongodb.internal.connection.SocketStreamHelper.initialize(SocketStreamHelper.java:76)
	at com.mongodb.internal.connection.SocketStream.initializeSocket(SocketStream.java:104)
	at com.mongodb.internal.connection.SocketStream.open(SocketStream.java:78)
	... 4 common frames omitted
2026-02-01 00:11:46 [main] INFO  c.m.e.handler.PrayerBotHandler - ECCPrayerBot initialized as @mock-bot
2026-02-01 00:11:46 [main] INFO  c.m.e.EccprayerbotApplicationTests - Started EccprayerbotApplicationTests in 1.599 seconds (process running for 2.179)
2026-02-01 00:12:06 [eccprayerbot Telegram Connection] ERROR o.t.t.u.DefaultBotSession - Connection reset
java.net.SocketException: Connection reset
	at java.base/sun.nio.ch.NioSocketImpl.implRead(NioSocketImpl.java:317)
	at java.base/sun.nio.ch.NioSocketImpl.read(NioSocketImpl.java:345)
	at java.base/sun.nio.ch.NioSocketImpl$1.read(NioSocketImpl.java:790)
	at java.base/java.net.Socket$SocketInputStream.implRead(Socket.java:983)
	at java.base/java.net.Socket$SocketInputStream.read(Socket.java:970)
	at java.base/sun.security.ssl.SSLSocketInputRecord.read(SSLSocketInputRecord.java:489)
	at java.base/sun.security.ssl.SSLSocketInputRecord.readHeader(SSLSocketInputRecord.java:483)
	at java.base/sun.security.ssl.SSLSocketInputRecord.decode(SSLSocketInputRecord.java:160)
	at java.base/sun.security.ssl.SSLTransport.decode(SSLTransport.java:111)
	at java.base/sun.security.ssl.SSLSocketImpl.decode(SSLSocketImpl.java:1506)
	at java.base/sun.security.ssl.SSLSocketImpl.readHandshakeRecord(SSLSocketImpl.java:1421)
	at java.base/sun.security.ssl.SSLSocketImpl.startHandshake(SSLSocketImpl.java:455)
	at java.base/sun.security.ssl.SSLSocketImpl.startHandshake(SSLSocketImpl.java:426)
	at org.apache.http.conn.ssl.SSLConnectionSocketFactory.createLayeredSocket(SSLConnectionSocketFactory.java:436)
	at org.apache.http.conn.ssl.SSLConnectionSocketFactory.connectSocket(SSLConnectionSocketFactory.java:384)
	at org.apache.http.impl.conn.DefaultHttpClientConnectionOperator.connect(DefaultHttpClientConnectionOperator.java:142)
	at org.apache.http.impl.conn.PoolingHttpClientConnectionManager.connect(PoolingHttpClientConnectionManager.java:376)
	at org.apache.http.impl.execchain.MainClientExec.establishRoute(MainClientExec.java:393)
	at org.apache.http.impl.execchain.MainClientExec.execute(MainClientExec.java:236)
	at org.apache.http.impl.execchain.ProtocolExec.execute(ProtocolExec.java:186)
	at org.apache.http.impl.execchain.RetryExec.execute(RetryExec.java:89)
	at org.apache.http.impl.execchain.RedirectExec.execute(RedirectExec.java:110)
	at org.apache.http.impl.client.InternalHttpClient.doExecute(InternalHttpClient.java:185)
	at org.apache.http.impl.client.CloseableHttpClient.execute(CloseableHttpClient.java:83)
	at org.telegram.telegrambots.updatesreceivers.DefaultBotSession$ReaderThread.getUpdatesFromServer(DefaultBotSession.java:249)
	at org.telegram.telegrambots.updatesreceivers.DefaultBotSession$ReaderThread.run(DefaultBotSession.java:188)
2026-02-01 00:14:46 [main] INFO  c.m.e.EccPrayerBotApplication - Starting EccPrayerBotApplication using Java 24.0.2 with PID 15931 (/Users/vincent/development/Server/eccprayerbot/target/classes started by vincent in /Users/vincent/development/Server/eccprayerbot)
2026-02-01 00:14:46 [main] DEBUG c.m.e.EccPrayerBotApplication - Running with Spring Boot v3.2.1, Spring v6.1.2
2026-02-01 00:14:46 [main] INFO  c.m.e.EccPrayerBotApplication - No active profile set, falling back to 1 default profile: "default"
2026-02-01 00:14:46 [main] DEBUG i.g.r.s.u.AspectJOnClasspathCondition - Aspects are not activated because AspectJ is not on the classpath.
2026-02-01 00:14:46 [main] DEBUG i.g.r.s.u.AspectJOnClasspathCondition - Aspects are not activated because AspectJ is not on the classpath.
2026-02-01 00:14:46 [main] DEBUG i.g.r.s.u.RxJava2OnClasspathCondition - RxJava2 related Aspect extensions are not activated, because RxJava2 is not on the classpath.
2026-02-01 00:14:46 [main] DEBUG i.g.r.s.u.ReactorOnClasspathCondition - Reactor related Aspect extensions are not activated because Resilience4j Reactor module is not on the classpath.
2026-02-01 00:14:46 [main] DEBUG i.g.r.s.u.AspectJOnClasspathCondition - Aspects are not activated because AspectJ is not on the classpath.
2026-02-01 00:14:46 [main] DEBUG i.g.r.s.u.RxJava2OnClasspathCondition - RxJava2 related Aspect extensions are not activated, because RxJava2 is not on the classpath.
2026-02-01 00:14:46 [main] DEBUG i.g.r.s.u.ReactorOnClasspathCondition - Reactor related Aspect extensions are not activated because Resilience4j Reactor module is not on the classpath.
2026-02-01 00:14:46 [main] DEBUG i.g.r.s.u.AspectJOnClasspathCondition - Aspects are not activated because AspectJ is not on the classpath.
2026-02-01 00:14:46 [main] DEBUG i.g.r.s.u.RxJava2OnClasspathCondition - RxJava2 related Aspect extensions are not activated, because RxJava2 is not on the classpath.
2026-02-01 00:14:46 [main] DEBUG i.g.r.s.u.ReactorOnClasspathCondition - Reactor related Aspect extensions are not activated because Resilience4j Reactor module is not on the classpath.
2026-02-01 00:14:46 [main] DEBUG i.g.r.s.u.AspectJOnClasspathCondition - Aspects are not activated because AspectJ is not on the classpath.
2026-02-01 00:14:46 [main] DEBUG i.g.r.s.u.RxJava2OnClasspathCondition - RxJava2 related Aspect extensions are not activated, because RxJava2 is not on the classpath.
2026-02-01 00:14:46 [main] DEBUG i.g.r.s.u.ReactorOnClasspathCondition - Reactor related Aspect extensions are not activated because Resilience4j Reactor module is not on the classpath.
2026-02-01 00:14:46 [main] DEBUG i.g.r.s.u.AspectJOnClasspathCondition - Aspects are not activated because AspectJ is not on the classpath.
2026-02-01 00:14:46 [main] DEBUG i.g.r.s.u.RxJava2OnClasspathCondition - RxJava2 related Aspect extensions are not activated, because RxJava2 is not on the classpath.
2026-02-01 00:14:46 [main] DEBUG i.g.r.s.u.ReactorOnClasspathCondition - Reactor related Aspect extensions are not activated because Resilience4j Reactor module is not on the classpath.
2026-02-01 00:14:46 [main] DEBUG i.g.r.s.u.AspectJOnClasspathCondition - Aspects are not activated because AspectJ is not on the classpath.
2026-02-01 00:14:46 [main] DEBUG i.g.r.s.u.RxJava2OnClasspathCondition - RxJava2 related Aspect extensions are not activated, because RxJava2 is not on the classpath.
2026-02-01 00:14:46 [main] DEBUG i.g.r.s.u.ReactorOnClasspathCondition - Reactor related Aspect extensions are not activated because Resilience4j Reactor module is not on the classpath.
2026-02-01 00:14:46 [main] INFO  o.s.d.r.c.RepositoryConfigurationDelegate - Bootstrapping Spring Data MongoDB repositories in DEFAULT mode.
2026-02-01 00:14:46 [main] INFO  o.s.d.r.c.RepositoryConfigurationDelegate - Finished Spring Data repository scanning in 56 ms. Found 2 MongoDB repository interfaces.
2026-02-01 00:14:46 [main] INFO  o.s.b.w.e.tomcat.TomcatWebServer - Tomcat initialized with port 8080 (http)
2026-02-01 00:14:46 [main] INFO  o.a.catalina.core.StandardService - Starting service [Tomcat]
2026-02-01 00:14:46 [main] INFO  o.a.catalina.core.StandardEngine - Starting Servlet engine: [Apache Tomcat/10.1.17]
2026-02-01 00:14:46 [main] INFO  o.a.c.c.C.[Tomcat].[localhost].[/] - Initializing Spring embedded WebApplicationContext
2026-02-01 00:14:46 [main] INFO  o.s.b.w.s.c.ServletWebServerApplicationContext - Root WebApplicationContext: initialization completed in 542 ms
2026-02-01 00:14:47 [main] INFO  org.mongodb.driver.cluster - Adding discovered server ac-64zsolc-shard-00-00.fppk0fu.mongodb.net:27017 to client view of cluster
2026-02-01 00:14:47 [main] INFO  org.mongodb.driver.cluster - Adding discovered server ac-64zsolc-shard-00-01.fppk0fu.mongodb.net:27017 to client view of cluster
2026-02-01 00:14:47 [main] INFO  org.mongodb.driver.cluster - Adding discovered server ac-64zsolc-shard-00-02.fppk0fu.mongodb.net:27017 to client view of cluster
2026-02-01 00:14:47 [main] INFO  org.mongodb.driver.client - MongoClient with metadata {"application": {"name": "Cluster0"}, "driver": {"name": "mongo-java-driver|sync|spring-boot", "version": "4.11.1"}, "os": {"type": "Darwin", "name": "Mac OS X", "architecture": "aarch64", "version": "26.1"}, "platform": "Java/Oracle Corporation/24.0.2+12-54"} created with settings MongoClientSettings{readPreference=primary, writeConcern=WriteConcern{w=null, wTimeout=null ms, journal=null}, retryWrites=true, retryReads=true, readConcern=ReadConcern{level=null}, credential=MongoCredential{mechanism=null, userName='itsvinnie27_db_user', source='admin', password=<hidden>, mechanismProperties=<hidden>}, transportSettings=null, streamFactoryFactory=null, commandListeners=[], codecRegistry=ProvidersCodecRegistry{codecProviders=[ValueCodecProvider{}, BsonValueCodecProvider{}, DBRefCodecProvider{}, DBObjectCodecProvider{}, DocumentCodecProvider{}, CollectionCodecProvider{}, IterableCodecProvider{}, MapCodecProvider{}, GeoJsonCodecProvider{}, GridFSFileCodecProvider{}, Jsr310CodecProvider{}, JsonObjectCodecProvider{}, BsonCodecProvider{}, EnumCodecProvider{}, com.mongodb.client.model.mql.ExpressionCodecProvider@91a2543, com.mongodb.Jep395RecordCodecProvider@42730828, com.mongodb.KotlinCodecProvider@18c7f6b5]}, loggerSettings=LoggerSettings{maxDocumentLength=1000}, clusterSettings={hosts=[ac-64zsolc-shard-00-00.fppk0fu.mongodb.net:27017, ac-64zsolc-shard-00-01.fppk0fu.mongodb.net:27017, ac-64zsolc-shard-00-02.fppk0fu.mongodb.net:27017], srvServiceName=mongodb, mode=MULTIPLE, requiredClusterType=REPLICA_SET, requiredReplicaSetName='atlas-rf38w7-shard-0', serverSelector='null', clusterListeners='[]', serverSelectionTimeout='30000 ms', localThreshold='15 ms'}, socketSettings=SocketSettings{connectTimeoutMS=10000, readTimeoutMS=0, receiveBufferSize=0, proxySettings=ProxySettings{host=null, port=null, username=null, password=null}}, heartbeatSocketSettings=SocketSettings{connectTimeoutMS=10000, readTimeoutMS=10000, receiveBufferSize=0, proxySettings=ProxySettings{host=null, port=null, username=null, password=null}}, connectionPoolSettings=ConnectionPoolSettings{maxSize=100, minSize=0, maxWaitTimeMS=120000, maxConnectionLifeTimeMS=0, maxConnectionIdleTimeMS=0, maintenanceInitialDelayMS=0, maintenanceFrequencyMS=60000, connectionPoolListeners=[], maxConnecting=2}, serverSettings=ServerSettings{heartbeatFrequencyMS=10000, minHeartbeatFrequencyMS=500, serverListeners='[]', serverMonitorListeners='[]'}, sslSettings=SslSettings{enabled=true, invalidHostNameAllowed=false, context=null}, applicationName='Cluster0', compressorList=[], uuidRepresentation=JAVA_LEGACY, serverApi=null, autoEncryptionSettings=null, dnsClient=null, inetAddressResolver=null, contextProvider=null}
2026-02-01 00:14:47 [main] INFO  c.m.e.handler.PrayerBotHandler - ECCPrayerBot initialized as @eccprayerbot
2026-02-01 00:14:47 [cluster-ClusterId{value='697e7ed78f1fe17760564239', description='Cluster0'}-ac-64zsolc-shard-00-02.fppk0fu.mongodb.net:27017] INFO  org.mongodb.driver.cluster - Monitor thread successfully connected to server with description ServerDescription{address=ac-64zsolc-shard-00-02.fppk0fu.mongodb.net:27017, type=REPLICA_SET_SECONDARY, state=CONNECTED, ok=true, minWireVersion=0, maxWireVersion=25, maxDocumentSize=16777216, logicalSessionTimeoutMinutes=30, roundTripTimeNanos=179844416, setName='atlas-rf38w7-shard-0', canonicalAddress=ac-64zsolc-shard-00-02.fppk0fu.mongodb.net:27017, hosts=[ac-64zsolc-shard-00-00.fppk0fu.mongodb.net:27017, ac-64zsolc-shard-00-01.fppk0fu.mongodb.net:27017, ac-64zsolc-shard-00-02.fppk0fu.mongodb.net:27017], passives=[], arbiters=[], primary='ac-64zsolc-shard-00-01.fppk0fu.mongodb.net:27017', tagSet=TagSet{[Tag{name='availabilityZone', value='afs1-az3'}, Tag{name='diskState', value='READY'}, Tag{name='nodeType', value='ELECTABLE'}, Tag{name='provider', value='AWS'}, Tag{name='region', value='AF_SOUTH_1'}, Tag{name='workloadType', value='OPERATIONAL'}]}, electionId=null, setVersion=50, topologyVersion=TopologyVersion{processId=697b7951c606972c8754de14, counter=3}, lastWriteDate=Sun Feb 01 00:14:35 SAST 2026, lastUpdateTimeNanos=64402482902666}
2026-02-01 00:14:47 [cluster-ClusterId{value='697e7ed78f1fe17760564239', description='Cluster0'}-ac-64zsolc-shard-00-00.fppk0fu.mongodb.net:27017] INFO  org.mongodb.driver.cluster - Monitor thread successfully connected to server with description ServerDescription{address=ac-64zsolc-shard-00-00.fppk0fu.mongodb.net:27017, type=REPLICA_SET_SECONDARY, state=CONNECTED, ok=true, minWireVersion=0, maxWireVersion=25, maxDocumentSize=16777216, logicalSessionTimeoutMinutes=30, roundTripTimeNanos=184293416, setName='atlas-rf38w7-shard-0', canonicalAddress=ac-64zsolc-shard-00-00.fppk0fu.mongodb.net:27017, hosts=[ac-64zsolc-shard-00-00.fppk0fu.mongodb.net:27017, ac-64zsolc-shard-00-01.fppk0fu.mongodb.net:27017, ac-64zsolc-shard-00-02.fppk0fu.mongodb.net:27017], passives=[], arbiters=[], primary='ac-64zsolc-shard-00-01.fppk0fu.mongodb.net:27017', tagSet=TagSet{[Tag{name='availabilityZone', value='afs1-az1'}, Tag{name='diskState', value='READY'}, Tag{name='nodeType', value='ELECTABLE'}, Tag{name='provider', value='AWS'}, Tag{name='region', value='AF_SOUTH_1'}, Tag{name='workloadType', value='OPERATIONAL'}]}, electionId=null, setVersion=50, topologyVersion=TopologyVersion{processId=697b7458f5a488c37bf7aaa7, counter=4}, lastWriteDate=Sun Feb 01 00:14:35 SAST 2026, lastUpdateTimeNanos=64402489674125}
2026-02-01 00:14:48 [main] INFO  c.m.e.config.BotConfiguration - Telegram bot registered successfully
2026-02-01 00:14:48 [main] INFO  o.s.b.w.e.tomcat.TomcatWebServer - Tomcat started on port 8080 (http) with context path ''
2026-02-01 00:14:48 [main] INFO  c.m.e.EccPrayerBotApplication - Started EccPrayerBotApplication in 2.099 seconds (process running for 2.395)
2026-02-01 00:14:49 [cluster-ClusterId{value='697e7ed78f1fe17760564239', description='Cluster0'}-ac-64zsolc-shard-00-01.fppk0fu.mongodb.net:27017] INFO  org.mongodb.driver.cluster - Monitor thread successfully connected to server with description ServerDescription{address=ac-64zsolc-shard-00-01.fppk0fu.mongodb.net:27017, type=REPLICA_SET_PRIMARY, state=CONNECTED, ok=true, minWireVersion=0, maxWireVersion=25, maxDocumentSize=16777216, logicalSessionTimeoutMinutes=30, roundTripTimeNanos=117551708, setName='atlas-rf38w7-shard-0', canonicalAddress=ac-64zsolc-shard-00-01.fppk0fu.mongodb.net:27017, hosts=[ac-64zsolc-shard-00-00.fppk0fu.mongodb.net:27017, ac-64zsolc-shard-00-01.fppk0fu.mongodb.net:27017, ac-64zsolc-shard-00-02.fppk0fu.mongodb.net:27017], passives=[], arbiters=[], primary='ac-64zsolc-shard-00-01.fppk0fu.mongodb.net:27017', tagSet=TagSet{[Tag{name='availabilityZone', value='afs1-az2'}, Tag{name='diskState', value='READY'}, Tag{name='nodeType', value='ELECTABLE'}, Tag{name='provider', value='AWS'}, Tag{name='region', value='AF_SOUTH_1'}, Tag{name='workloadType', value='OPERATIONAL'}]}, electionId=7fffffff000000000000006a, setVersion=50, topologyVersion=TopologyVersion{processId=697b7662880da86964756896, counter=6}, lastWriteDate=Sun Feb 01 00:14:35 SAST 2026, lastUpdateTimeNanos=64404428801291}
2026-02-01 00:14:49 [cluster-ClusterId{value='697e7ed78f1fe17760564239', description='Cluster0'}-ac-64zsolc-shard-00-01.fppk0fu.mongodb.net:27017] INFO  org.mongodb.driver.cluster - Discovered replica set primary ac-64zsolc-shard-00-01.fppk0fu.mongodb.net:27017 with max election id 7fffffff000000000000006a and max set version 50
2026-02-01 00:16:34 [eccprayerbot Telegram Executor] INFO  c.m.e.handler.PrayerBotHandler - Bot mentioned in chat -1002846161452: @eccprayerbot genesis 1:12 web
2026-02-01 00:16:34 [eccprayerbot Telegram Executor] DEBUG c.m.e.util.BibleReferenceParser - Successfully parsed reference: Genesis 1:12
2026-02-01 00:16:34 [eccprayerbot Telegram Executor] DEBUG c.m.e.service.BibleService - Getting verse: Genesis 1:12
2026-02-01 00:16:35 [eccprayerbot Telegram Executor] DEBUG c.m.e.service.BibleService - Verse not in cache, fetching from API
2026-02-01 00:16:35 [eccprayerbot Telegram Executor] DEBUG c.m.e.service.ApiBibleService - Fetching from API.Bible: Genesis 1:12
2026-02-01 00:16:35 [eccprayerbot Telegram Executor] ERROR i.n.r.d.DnsServerAddressStreamProviders - Unable to load io.netty.resolver.dns.macos.MacOSDnsServerAddressStreamProvider, fallback to system defaults. This may result in incorrect DNS resolutions on MacOS. Check whether you have a dependency on 'io.netty:netty-resolver-dns-native-macos'. Use DEBUG level to see the full stack: java.lang.UnsatisfiedLinkError: failed to load the required native library
2026-02-01 00:16:36 [eccprayerbot Telegram Executor] DEBUG c.m.e.service.BibleService - Verse saved to cache: Genesis 1:12
2026-02-01 00:16:37 [eccprayerbot Telegram Executor] ERROR c.m.e.handler.PrayerBotHandler - Failed to send verse to chat -1002846161452
org.telegram.telegrambots.meta.exceptions.TelegramApiException: Unable to execute sendmessage method
	at org.telegram.telegrambots.bots.DefaultAbsSender.sendApiMethod(DefaultAbsSender.java:1184)
	at org.telegram.telegrambots.meta.bots.AbsSender.execute(AbsSender.java:61)
	at com.mapharitechnologies.eccprayerbot.handler.PrayerBotHandler.sendVerse(PrayerBotHandler.java:155)
	at com.mapharitechnologies.eccprayerbot.handler.PrayerBotHandler.onUpdateReceived(PrayerBotHandler.java:119)
	at java.base/java.util.ArrayList.forEach(ArrayList.java:1604)
	at org.telegram.telegrambots.meta.generics.LongPollingBot.onUpdatesReceived(LongPollingBot.java:27)
	at org.telegram.telegrambots.updatesreceivers.DefaultBotSession$HandlerThread.run(DefaultBotSession.java:312)
Caused by: java.net.SocketException: Connection reset
	at java.base/sun.nio.ch.NioSocketImpl.implRead(NioSocketImpl.java:317)
	at java.base/sun.nio.ch.NioSocketImpl.read(NioSocketImpl.java:345)
	at java.base/sun.nio.ch.NioSocketImpl$1.read(NioSocketImpl.java:790)
	at java.base/java.net.Socket$SocketInputStream.implRead(Socket.java:983)
	at java.base/java.net.Socket$SocketInputStream.read(Socket.java:970)
	at java.base/sun.security.ssl.SSLSocketInputRecord.read(SSLSocketInputRecord.java:489)
	at java.base/sun.security.ssl.SSLSocketInputRecord.readHeader(SSLSocketInputRecord.java:483)
	at java.base/sun.security.ssl.SSLSocketInputRecord.decode(SSLSocketInputRecord.java:160)
	at java.base/sun.security.ssl.SSLTransport.decode(SSLTransport.java:111)
	at java.base/sun.security.ssl.SSLSocketImpl.decode(SSLSocketImpl.java:1506)
	at java.base/sun.security.ssl.SSLSocketImpl.readHandshakeRecord(SSLSocketImpl.java:1421)
	at java.base/sun.security.ssl.SSLSocketImpl.startHandshake(SSLSocketImpl.java:455)
	at java.base/sun.security.ssl.SSLSocketImpl.startHandshake(SSLSocketImpl.java:426)
	at org.apache.http.conn.ssl.SSLConnectionSocketFactory.createLayeredSocket(SSLConnectionSocketFactory.java:436)
	at org.apache.http.conn.ssl.SSLConnectionSocketFactory.connectSocket(SSLConnectionSocketFactory.java:384)
	at org.apache.http.impl.conn.DefaultHttpClientConnectionOperator.connect(DefaultHttpClientConnectionOperator.java:142)
	at org.apache.http.impl.conn.PoolingHttpClientConnectionManager.connect(PoolingHttpClientConnectionManager.java:376)
	at org.apache.http.impl.execchain.MainClientExec.establishRoute(MainClientExec.java:393)
	at org.apache.http.impl.execchain.MainClientExec.execute(MainClientExec.java:236)
	at org.apache.http.impl.execchain.ProtocolExec.execute(ProtocolExec.java:186)
	at org.apache.http.impl.execchain.RetryExec.execute(RetryExec.java:89)
	at org.apache.http.impl.execchain.RedirectExec.execute(RedirectExec.java:110)
	at org.apache.http.impl.client.InternalHttpClient.doExecute(InternalHttpClient.java:185)
	at org.apache.http.impl.client.CloseableHttpClient.execute(CloseableHttpClient.java:83)
	at org.telegram.telegrambots.bots.DefaultAbsSender.sendHttpPostRequest(DefaultAbsSender.java:1216)
	at org.telegram.telegrambots.bots.DefaultAbsSender.sendMethodRequest(DefaultAbsSender.java:1212)
	at org.telegram.telegrambots.bots.DefaultAbsSender.sendApiMethod(DefaultAbsSender.java:1181)
	... 6 common frames omitted
2026-02-01 00:16:37 [eccprayerbot Telegram Executor] ERROR c.m.e.handler.PrayerBotHandler - Error processing message in chat -1002846161452
java.lang.RuntimeException: Failed to send message
	at com.mapharitechnologies.eccprayerbot.handler.PrayerBotHandler.sendVerse(PrayerBotHandler.java:159)
	at com.mapharitechnologies.eccprayerbot.handler.PrayerBotHandler.onUpdateReceived(PrayerBotHandler.java:119)
	at java.base/java.util.ArrayList.forEach(ArrayList.java:1604)
	at org.telegram.telegrambots.meta.generics.LongPollingBot.onUpdatesReceived(LongPollingBot.java:27)
	at org.telegram.telegrambots.updatesreceivers.DefaultBotSession$HandlerThread.run(DefaultBotSession.java:312)
Caused by: org.telegram.telegrambots.meta.exceptions.TelegramApiException: Unable to execute sendmessage method
	at org.telegram.telegrambots.bots.DefaultAbsSender.sendApiMethod(DefaultAbsSender.java:1184)
	at org.telegram.telegrambots.meta.bots.AbsSender.execute(AbsSender.java:61)
	at com.mapharitechnologies.eccprayerbot.handler.PrayerBotHandler.sendVerse(PrayerBotHandler.java:155)
	... 4 common frames omitted
Caused by: java.net.SocketException: Connection reset
	at java.base/sun.nio.ch.NioSocketImpl.implRead(NioSocketImpl.java:317)
	at java.base/sun.nio.ch.NioSocketImpl.read(NioSocketImpl.java:345)
	at java.base/sun.nio.ch.NioSocketImpl$1.read(NioSocketImpl.java:790)
	at java.base/java.net.Socket$SocketInputStream.implRead(Socket.java:983)
	at java.base/java.net.Socket$SocketInputStream.read(Socket.java:970)
	at java.base/sun.security.ssl.SSLSocketInputRecord.read(SSLSocketInputRecord.java:489)
	at java.base/sun.security.ssl.SSLSocketInputRecord.readHeader(SSLSocketInputRecord.java:483)
	at java.base/sun.security.ssl.SSLSocketInputRecord.decode(SSLSocketInputRecord.java:160)
	at java.base/sun.security.ssl.SSLTransport.decode(SSLTransport.java:111)
	at java.base/sun.security.ssl.SSLSocketImpl.decode(SSLSocketImpl.java:1506)
	at java.base/sun.security.ssl.SSLSocketImpl.readHandshakeRecord(SSLSocketImpl.java:1421)
	at java.base/sun.security.ssl.SSLSocketImpl.startHandshake(SSLSocketImpl.java:455)
	at java.base/sun.security.ssl.SSLSocketImpl.startHandshake(SSLSocketImpl.java:426)
	at org.apache.http.conn.ssl.SSLConnectionSocketFactory.createLayeredSocket(SSLConnectionSocketFactory.java:436)
	at org.apache.http.conn.ssl.SSLConnectionSocketFactory.connectSocket(SSLConnectionSocketFactory.java:384)
	at org.apache.http.impl.conn.DefaultHttpClientConnectionOperator.connect(DefaultHttpClientConnectionOperator.java:142)
	at org.apache.http.impl.conn.PoolingHttpClientConnectionManager.connect(PoolingHttpClientConnectionManager.java:376)
	at org.apache.http.impl.execchain.MainClientExec.establishRoute(MainClientExec.java:393)
	at org.apache.http.impl.execchain.MainClientExec.execute(MainClientExec.java:236)
	at org.apache.http.impl.execchain.ProtocolExec.execute(ProtocolExec.java:186)
	at org.apache.http.impl.execchain.RetryExec.execute(RetryExec.java:89)
	at org.apache.http.impl.execchain.RedirectExec.execute(RedirectExec.java:110)
	at org.apache.http.impl.client.InternalHttpClient.doExecute(InternalHttpClient.java:185)
	at org.apache.http.impl.client.CloseableHttpClient.execute(CloseableHttpClient.java:83)
	at org.telegram.telegrambots.bots.DefaultAbsSender.sendHttpPostRequest(DefaultAbsSender.java:1216)
	at org.telegram.telegrambots.bots.DefaultAbsSender.sendMethodRequest(DefaultAbsSender.java:1212)
	at org.telegram.telegrambots.bots.DefaultAbsSender.sendApiMethod(DefaultAbsSender.java:1181)
	... 6 common frames omitted
2026-02-01 00:16:37 [async-1] WARN  c.m.e.service.RequestLoggingService - Failed request logged - Chat: -1002846161452, Error: Failed to send message
2026-02-01 00:17:18 [eccprayerbot Telegram Executor] INFO  c.m.e.handler.PrayerBotHandler - Bot mentioned in chat -1002846161452: @eccprayerbot genesis 1:12 WEB
2026-02-01 00:17:18 [eccprayerbot Telegram Executor] DEBUG c.m.e.util.BibleReferenceParser - Successfully parsed reference: Genesis 1:12
2026-02-01 00:17:18 [eccprayerbot Telegram Executor] DEBUG c.m.e.service.BibleService - Getting verse: Genesis 1:12
2026-02-01 00:17:18 [eccprayerbot Telegram Executor] DEBUG c.m.e.service.BibleService - Verse found in cache
2026-02-01 00:17:19 [eccprayerbot Telegram Executor] INFO  c.m.e.handler.PrayerBotHandler - Successfully sent verse Genesis 1:12 to chat -1002846161452 in 436ms
2026-02-01 00:17:19 [async-2] INFO  c.m.e.service.RequestLoggingService - Request logged - Chat: -1002846161452, Reference: Genesis 1:12, Time: 436ms
2026-02-01 00:17:28 [eccprayerbot Telegram Executor] INFO  c.m.e.handler.PrayerBotHandler - Bot mentioned in chat -1002846161452: @eccprayerbot genesis 1:12 web
2026-02-01 00:17:28 [eccprayerbot Telegram Executor] DEBUG c.m.e.util.BibleReferenceParser - Successfully parsed reference: Genesis 1:12
2026-02-01 00:17:28 [eccprayerbot Telegram Executor] DEBUG c.m.e.service.BibleService - Getting verse: Genesis 1:12
2026-02-01 00:17:28 [eccprayerbot Telegram Executor] DEBUG c.m.e.service.BibleService - Verse found in cache
2026-02-01 00:17:28 [eccprayerbot Telegram Executor] INFO  c.m.e.handler.PrayerBotHandler - Successfully sent verse Genesis 1:12 to chat -1002846161452 in 375ms
2026-02-01 00:17:28 [async-1] INFO  c.m.e.service.RequestLoggingService - Request logged - Chat: -1002846161452, Reference: Genesis 1:12, Time: 375ms
2026-02-01 00:17:39 [eccprayerbot Telegram Executor] INFO  c.m.e.handler.PrayerBotHandler - Bot mentioned in chat -1002846161452: @eccprayerbot genesis 1:16 web
2026-02-01 00:17:39 [eccprayerbot Telegram Executor] DEBUG c.m.e.util.BibleReferenceParser - Successfully parsed reference: Genesis 1:16
2026-02-01 00:17:39 [eccprayerbot Telegram Executor] DEBUG c.m.e.service.BibleService - Getting verse: Genesis 1:16
2026-02-01 00:17:39 [eccprayerbot Telegram Executor] DEBUG c.m.e.service.BibleService - Verse not in cache, fetching from API
2026-02-01 00:17:39 [eccprayerbot Telegram Executor] DEBUG c.m.e.service.ApiBibleService - Fetching from API.Bible: Genesis 1:16
2026-02-01 00:17:40 [eccprayerbot Telegram Executor] DEBUG c.m.e.service.BibleService - Verse saved to cache: Genesis 1:16
2026-02-01 00:17:40 [eccprayerbot Telegram Executor] INFO  c.m.e.handler.PrayerBotHandler - Successfully sent verse Genesis 1:16 to chat -1002846161452 in 1222ms
2026-02-01 00:17:40 [async-2] INFO  c.m.e.service.RequestLoggingService - Request logged - Chat: -1002846161452, Reference: Genesis 1:16, Time: 1222ms
2026-02-01 00:23:04 [eccprayerbot Telegram Executor] INFO  c.m.e.handler.PrayerBotHandler - Bot mentioned in chat -1002846161452: @eccprayerbot psalm 143:10 kjv
2026-02-01 00:23:04 [eccprayerbot Telegram Executor] DEBUG c.m.e.util.BibleReferenceParser - Successfully parsed reference: Psalms 143:10
2026-02-01 00:23:04 [eccprayerbot Telegram Executor] DEBUG c.m.e.service.BibleService - Getting verse: Psalms 143:10
2026-02-01 00:23:04 [eccprayerbot Telegram Executor] DEBUG c.m.e.service.BibleService - Verse not in cache, fetching from API
2026-02-01 00:23:04 [eccprayerbot Telegram Executor] DEBUG c.m.e.service.ApiBibleService - Fetching from API.Bible: Psalms 143:10
2026-02-01 00:23:05 [eccprayerbot Telegram Executor] DEBUG c.m.e.service.BibleService - Verse saved to cache: Psalms 143:10
2026-02-01 00:23:06 [eccprayerbot Telegram Executor] INFO  c.m.e.handler.PrayerBotHandler - Successfully sent verse Psalms 143:10 to chat -1002846161452 in 2194ms
2026-02-01 00:23:06 [async-1] INFO  c.m.e.service.RequestLoggingService - Request logged - Chat: -1002846161452, Reference: Psalms 143:10, Time: 2194ms
2026-02-01 00:23:06 [async-1] WARN  c.m.e.service.RequestLoggingService - Response time exceeded 2s target: 2194ms for reference: Psalms 143:10
2026-02-01 00:23:37 [eccprayerbot Telegram Executor] INFO  c.m.e.handler.PrayerBotHandler - Bot mentioned in chat -1002846161452: @eccprayerbot genesis 1:14 NIV
2026-02-01 00:23:37 [eccprayerbot Telegram Executor] DEBUG c.m.e.util.BibleReferenceParser - Successfully parsed reference: Genesis 1:14
2026-02-01 00:23:37 [eccprayerbot Telegram Executor] DEBUG c.m.e.service.BibleService - Getting verse: Genesis 1:14
2026-02-01 00:23:37 [eccprayerbot Telegram Executor] DEBUG c.m.e.service.BibleService - Verse found in cache
2026-02-01 00:23:37 [eccprayerbot Telegram Executor] INFO  c.m.e.handler.PrayerBotHandler - Successfully sent verse Genesis 1:14 to chat -1002846161452 in 331ms
2026-02-01 00:23:37 [async-2] INFO  c.m.e.service.RequestLoggingService - Request logged - Chat: -1002846161452, Reference: Genesis 1:14, Time: 331ms
2026-02-01 00:26:13 [eccprayerbot Telegram Executor] INFO  c.m.e.handler.PrayerBotHandler - Bot mentioned in chat -1002846161452: @eccprayerbot genesis 1:14 NIV
2026-02-01 00:26:13 [eccprayerbot Telegram Executor] DEBUG c.m.e.util.BibleReferenceParser - Successfully parsed reference: Genesis 1:14
2026-02-01 00:26:13 [eccprayerbot Telegram Executor] DEBUG c.m.e.service.BibleService - Getting verse: Genesis 1:14
2026-02-01 00:26:13 [eccprayerbot Telegram Executor] DEBUG c.m.e.service.BibleService - Verse not in cache, fetching from API
2026-02-01 00:26:13 [eccprayerbot Telegram Executor] DEBUG c.m.e.service.YouVersionApiService - Fetching from YouVersion API: Genesis 1:14
2026-02-01 00:26:14 [eccprayerbot Telegram Executor] DEBUG c.m.e.service.BibleService - Verse saved to cache: Genesis 1:14
2026-02-01 00:26:15 [eccprayerbot Telegram Executor] INFO  c.m.e.handler.PrayerBotHandler - Successfully sent verse Genesis 1:14 to chat -1002846161452 in 1366ms
2026-02-01 00:26:15 [async-1] INFO  c.m.e.service.RequestLoggingService - Request logged - Chat: -1002846161452, Reference: Genesis 1:14, Time: 1366ms
2026-02-01 00:26:30 [eccprayerbot Telegram Executor] INFO  c.m.e.handler.PrayerBotHandler - Bot mentioned in chat -1002846161452: @eccprayerbot genesis 1:14 niv
2026-02-01 00:26:30 [eccprayerbot Telegram Executor] DEBUG c.m.e.util.BibleReferenceParser - Successfully parsed reference: Genesis 1:14
2026-02-01 00:26:30 [eccprayerbot Telegram Executor] DEBUG c.m.e.service.BibleService - Getting verse: Genesis 1:14
2026-02-01 00:26:31 [eccprayerbot Telegram Executor] DEBUG c.m.e.service.BibleService - Verse found in cache
2026-02-01 00:26:31 [eccprayerbot Telegram Executor] INFO  c.m.e.handler.PrayerBotHandler - Successfully sent verse Genesis 1:14 to chat -1002846161452 in 454ms
2026-02-01 00:26:31 [async-2] INFO  c.m.e.service.RequestLoggingService - Request logged - Chat: -1002846161452, Reference: Genesis 1:14, Time: 454ms
2026-02-01 00:26:44 [eccprayerbot Telegram Executor] INFO  c.m.e.handler.PrayerBotHandler - Bot mentioned in chat -1002846161452: @eccprayerbot genesis 1:14 bbee
2026-02-01 00:26:44 [eccprayerbot Telegram Executor] DEBUG c.m.e.util.BibleReferenceParser - Successfully parsed reference: Genesis 1:14
2026-02-01 00:26:44 [eccprayerbot Telegram Executor] DEBUG c.m.e.service.BibleService - Getting verse: Genesis 1:14
2026-02-01 00:26:45 [eccprayerbot Telegram Executor] DEBUG c.m.e.service.BibleService - Verse not in cache, fetching from API
2026-02-01 00:26:45 [eccprayerbot Telegram Executor] DEBUG c.m.e.service.ApiBibleService - Fetching from API.Bible: Genesis 1:14
2026-02-01 00:26:45 [eccprayerbot Telegram Executor] DEBUG c.m.e.service.BibleService - Verse saved to cache: Genesis 1:14
2026-02-01 00:26:46 [eccprayerbot Telegram Executor] INFO  c.m.e.handler.PrayerBotHandler - Successfully sent verse Genesis 1:14 to chat -1002846161452 in 1113ms
2026-02-01 00:26:46 [async-1] INFO  c.m.e.service.RequestLoggingService - Request logged - Chat: -1002846161452, Reference: Genesis 1:14, Time: 1113ms
2026-02-01 00:31:29 [eccprayerbot Telegram Connection] ERROR o.t.t.u.DefaultBotSession - Error executing org.telegram.telegrambots.meta.api.methods.updates.GetUpdates query: [409] Conflict: terminated by other getUpdates request; make sure that only one bot instance is running
org.telegram.telegrambots.meta.exceptions.TelegramApiRequestException: Error executing org.telegram.telegrambots.meta.api.methods.updates.GetUpdates query: [409] Conflict: terminated by other getUpdates request; make sure that only one bot instance is running
	at org.telegram.telegrambots.meta.api.methods.PartialBotApiMethod.deserializeResponseInternal(PartialBotApiMethod.java:54)
	at org.telegram.telegrambots.meta.api.methods.PartialBotApiMethod.deserializeResponseArray(PartialBotApiMethod.java:39)
	at org.telegram.telegrambots.meta.api.methods.updates.GetUpdates.deserializeResponse(GetUpdates.java:86)
	at org.telegram.telegrambots.updatesreceivers.DefaultBotSession$ReaderThread.getUpdatesFromServer(DefaultBotSession.java:258)
	at org.telegram.telegrambots.updatesreceivers.DefaultBotSession$ReaderThread.run(DefaultBotSession.java:188)
2026-02-01 00:31:35 [eccprayerbot Telegram Connection] ERROR o.t.t.u.DefaultBotSession - Error executing org.telegram.telegrambots.meta.api.methods.updates.GetUpdates query: [409] Conflict: terminated by other getUpdates request; make sure that only one bot instance is running
org.telegram.telegrambots.meta.exceptions.TelegramApiRequestException: Error executing org.telegram.telegrambots.meta.api.methods.updates.GetUpdates query: [409] Conflict: terminated by other getUpdates request; make sure that only one bot instance is running
	at org.telegram.telegrambots.meta.api.methods.PartialBotApiMethod.deserializeResponseInternal(PartialBotApiMethod.java:54)
	at org.telegram.telegrambots.meta.api.methods.PartialBotApiMethod.deserializeResponseArray(PartialBotApiMethod.java:39)
	at org.telegram.telegrambots.meta.api.methods.updates.GetUpdates.deserializeResponse(GetUpdates.java:86)
	at org.telegram.telegrambots.updatesreceivers.DefaultBotSession$ReaderThread.getUpdatesFromServer(DefaultBotSession.java:258)
	at org.telegram.telegrambots.updatesreceivers.DefaultBotSession$ReaderThread.run(DefaultBotSession.java:188)
2026-02-01 00:31:39 [eccprayerbot Telegram Connection] ERROR o.t.t.u.DefaultBotSession - Error executing org.telegram.telegrambots.meta.api.methods.updates.GetUpdates query: [409] Conflict: terminated by other getUpdates request; make sure that only one bot instance is running
org.telegram.telegrambots.meta.exceptions.TelegramApiRequestException: Error executing org.telegram.telegrambots.meta.api.methods.updates.GetUpdates query: [409] Conflict: terminated by other getUpdates request; make sure that only one bot instance is running
	at org.telegram.telegrambots.meta.api.methods.PartialBotApiMethod.deserializeResponseInternal(PartialBotApiMethod.java:54)
	at org.telegram.telegrambots.meta.api.methods.PartialBotApiMethod.deserializeResponseArray(PartialBotApiMethod.java:39)
	at org.telegram.telegrambots.meta.api.methods.updates.GetUpdates.deserializeResponse(GetUpdates.java:86)
	at org.telegram.telegrambots.updatesreceivers.DefaultBotSession$ReaderThread.getUpdatesFromServer(DefaultBotSession.java:258)
	at org.telegram.telegrambots.updatesreceivers.DefaultBotSession$ReaderThread.run(DefaultBotSession.java:188)
2026-02-01 00:31:44 [eccprayerbot Telegram Connection] ERROR o.t.t.u.DefaultBotSession - Error executing org.telegram.telegrambots.meta.api.methods.updates.GetUpdates query: [409] Conflict: terminated by other getUpdates request; make sure that only one bot instance is running
org.telegram.telegrambots.meta.exceptions.TelegramApiRequestException: Error executing org.telegram.telegrambots.meta.api.methods.updates.GetUpdates query: [409] Conflict: terminated by other getUpdates request; make sure that only one bot instance is running
	at org.telegram.telegrambots.meta.api.methods.PartialBotApiMethod.deserializeResponseInternal(PartialBotApiMethod.java:54)
	at org.telegram.telegrambots.meta.api.methods.PartialBotApiMethod.deserializeResponseArray(PartialBotApiMethod.java:39)
	at org.telegram.telegrambots.meta.api.methods.updates.GetUpdates.deserializeResponse(GetUpdates.java:86)
	at org.telegram.telegrambots.updatesreceivers.DefaultBotSession$ReaderThread.getUpdatesFromServer(DefaultBotSession.java:258)
	at org.telegram.telegrambots.updatesreceivers.DefaultBotSession$ReaderThread.run(DefaultBotSession.java:188)
2026-02-01 00:31:48 [eccprayerbot Telegram Connection] ERROR o.t.t.u.DefaultBotSession - Error executing org.telegram.telegrambots.meta.api.methods.updates.GetUpdates query: [409] Conflict: terminated by other getUpdates request; make sure that only one bot instance is running
org.telegram.telegrambots.meta.exceptions.TelegramApiRequestException: Error executing org.telegram.telegrambots.meta.api.methods.updates.GetUpdates query: [409] Conflict: terminated by other getUpdates request; make sure that only one bot instance is running
	at org.telegram.telegrambots.meta.api.methods.PartialBotApiMethod.deserializeResponseInternal(PartialBotApiMethod.java:54)
	at org.telegram.telegrambots.meta.api.methods.PartialBotApiMethod.deserializeResponseArray(PartialBotApiMethod.java:39)
	at org.telegram.telegrambots.meta.api.methods.updates.GetUpdates.deserializeResponse(GetUpdates.java:86)
	at org.telegram.telegrambots.updatesreceivers.DefaultBotSession$ReaderThread.getUpdatesFromServer(DefaultBotSession.java:258)
	at org.telegram.telegrambots.updatesreceivers.DefaultBotSession$ReaderThread.run(DefaultBotSession.java:188)
2026-02-01 00:31:53 [eccprayerbot Telegram Connection] ERROR o.t.t.u.DefaultBotSession - Error executing org.telegram.telegrambots.meta.api.methods.updates.GetUpdates query: [409] Conflict: terminated by other getUpdates request; make sure that only one bot instance is running
org.telegram.telegrambots.meta.exceptions.TelegramApiRequestException: Error executing org.telegram.telegrambots.meta.api.methods.updates.GetUpdates query: [409] Conflict: terminated by other getUpdates request; make sure that only one bot instance is running
	at org.telegram.telegrambots.meta.api.methods.PartialBotApiMethod.deserializeResponseInternal(PartialBotApiMethod.java:54)
	at org.telegram.telegrambots.meta.api.methods.PartialBotApiMethod.deserializeResponseArray(PartialBotApiMethod.java:39)
	at org.telegram.telegrambots.meta.api.methods.updates.GetUpdates.deserializeResponse(GetUpdates.java:86)
	at org.telegram.telegrambots.updatesreceivers.DefaultBotSession$ReaderThread.getUpdatesFromServer(DefaultBotSession.java:258)
	at org.telegram.telegrambots.updatesreceivers.DefaultBotSession$ReaderThread.run(DefaultBotSession.java:188)
2026-02-01 00:31:58 [eccprayerbot Telegram Connection] ERROR o.t.t.u.DefaultBotSession - Error executing org.telegram.telegrambots.meta.api.methods.updates.GetUpdates query: [409] Conflict: terminated by other getUpdates request; make sure that only one bot instance is running
org.telegram.telegrambots.meta.exceptions.TelegramApiRequestException: Error executing org.telegram.telegrambots.meta.api.methods.updates.GetUpdates query: [409] Conflict: terminated by other getUpdates request; make sure that only one bot instance is running
	at org.telegram.telegrambots.meta.api.methods.PartialBotApiMethod.deserializeResponseInternal(PartialBotApiMethod.java:54)
	at org.telegram.telegrambots.meta.api.methods.PartialBotApiMethod.deserializeResponseArray(PartialBotApiMethod.java:39)
	at org.telegram.telegrambots.meta.api.methods.updates.GetUpdates.deserializeResponse(GetUpdates.java:86)
	at org.telegram.telegrambots.updatesreceivers.DefaultBotSession$ReaderThread.getUpdatesFromServer(DefaultBotSession.java:258)
	at org.telegram.telegrambots.updatesreceivers.DefaultBotSession$ReaderThread.run(DefaultBotSession.java:188)
2026-02-01 00:32:02 [eccprayerbot Telegram Connection] ERROR o.t.t.u.DefaultBotSession - Error executing org.telegram.telegrambots.meta.api.methods.updates.GetUpdates query: [409] Conflict: terminated by other getUpdates request; make sure that only one bot instance is running
org.telegram.telegrambots.meta.exceptions.TelegramApiRequestException: Error executing org.telegram.telegrambots.meta.api.methods.updates.GetUpdates query: [409] Conflict: terminated by other getUpdates request; make sure that only one bot instance is running
	at org.telegram.telegrambots.meta.api.methods.PartialBotApiMethod.deserializeResponseInternal(PartialBotApiMethod.java:54)
	at org.telegram.telegrambots.meta.api.methods.PartialBotApiMethod.deserializeResponseArray(PartialBotApiMethod.java:39)
	at org.telegram.telegrambots.meta.api.methods.updates.GetUpdates.deserializeResponse(GetUpdates.java:86)
	at org.telegram.telegrambots.updatesreceivers.DefaultBotSession$ReaderThread.getUpdatesFromServer(DefaultBotSession.java:258)
	at org.telegram.telegrambots.updatesreceivers.DefaultBotSession$ReaderThread.run(DefaultBotSession.java:188)
2026-02-01 00:32:06 [eccprayerbot Telegram Connection] ERROR o.t.t.u.DefaultBotSession - Error executing org.telegram.telegrambots.meta.api.methods.updates.GetUpdates query: [409] Conflict: terminated by other getUpdates request; make sure that only one bot instance is running
org.telegram.telegrambots.meta.exceptions.TelegramApiRequestException: Error executing org.telegram.telegrambots.meta.api.methods.updates.GetUpdates query: [409] Conflict: terminated by other getUpdates request; make sure that only one bot instance is running
	at org.telegram.telegrambots.meta.api.methods.PartialBotApiMethod.deserializeResponseInternal(PartialBotApiMethod.java:54)
	at org.telegram.telegrambots.meta.api.methods.PartialBotApiMethod.deserializeResponseArray(PartialBotApiMethod.java:39)
	at org.telegram.telegrambots.meta.api.methods.updates.GetUpdates.deserializeResponse(GetUpdates.java:86)
	at org.telegram.telegrambots.updatesreceivers.DefaultBotSession$ReaderThread.getUpdatesFromServer(DefaultBotSession.java:258)
	at org.telegram.telegrambots.updatesreceivers.DefaultBotSession$ReaderThread.run(DefaultBotSession.java:188)
2026-02-01 00:32:11 [eccprayerbot Telegram Connection] ERROR o.t.t.u.DefaultBotSession - Error executing org.telegram.telegrambots.meta.api.methods.updates.GetUpdates query: [409] Conflict: terminated by other getUpdates request; make sure that only one bot instance is running
org.telegram.telegrambots.meta.exceptions.TelegramApiRequestException: Error executing org.telegram.telegrambots.meta.api.methods.updates.GetUpdates query: [409] Conflict: terminated by other getUpdates request; make sure that only one bot instance is running
	at org.telegram.telegrambots.meta.api.methods.PartialBotApiMethod.deserializeResponseInternal(PartialBotApiMethod.java:54)
	at org.telegram.telegrambots.meta.api.methods.PartialBotApiMethod.deserializeResponseArray(PartialBotApiMethod.java:39)
	at org.telegram.telegrambots.meta.api.methods.updates.GetUpdates.deserializeResponse(GetUpdates.java:86)
	at org.telegram.telegrambots.updatesreceivers.DefaultBotSession$ReaderThread.getUpdatesFromServer(DefaultBotSession.java:258)
	at org.telegram.telegrambots.updatesreceivers.DefaultBotSession$ReaderThread.run(DefaultBotSession.java:188)
2026-02-01 00:32:15 [eccprayerbot Telegram Connection] ERROR o.t.t.u.DefaultBotSession - Error executing org.telegram.telegrambots.meta.api.methods.updates.GetUpdates query: [409] Conflict: terminated by other getUpdates request; make sure that only one bot instance is running
org.telegram.telegrambots.meta.exceptions.TelegramApiRequestException: Error executing org.telegram.telegrambots.meta.api.methods.updates.GetUpdates query: [409] Conflict: terminated by other getUpdates request; make sure that only one bot instance is running
	at org.telegram.telegrambots.meta.api.methods.PartialBotApiMethod.deserializeResponseInternal(PartialBotApiMethod.java:54)
	at org.telegram.telegrambots.meta.api.methods.PartialBotApiMethod.deserializeResponseArray(PartialBotApiMethod.java:39)
	at org.telegram.telegrambots.meta.api.methods.updates.GetUpdates.deserializeResponse(GetUpdates.java:86)
	at org.telegram.telegrambots.updatesreceivers.DefaultBotSession$ReaderThread.getUpdatesFromServer(DefaultBotSession.java:258)
	at org.telegram.telegrambots.updatesreceivers.DefaultBotSession$ReaderThread.run(DefaultBotSession.java:188)
2026-02-01 00:32:19 [eccprayerbot Telegram Connection] ERROR o.t.t.u.DefaultBotSession - Error executing org.telegram.telegrambots.meta.api.methods.updates.GetUpdates query: [409] Conflict: terminated by other getUpdates request; make sure that only one bot instance is running
org.telegram.telegrambots.meta.exceptions.TelegramApiRequestException: Error executing org.telegram.telegrambots.meta.api.methods.updates.GetUpdates query: [409] Conflict: terminated by other getUpdates request; make sure that only one bot instance is running
	at org.telegram.telegrambots.meta.api.methods.PartialBotApiMethod.deserializeResponseInternal(PartialBotApiMethod.java:54)
	at org.telegram.telegrambots.meta.api.methods.PartialBotApiMethod.deserializeResponseArray(PartialBotApiMethod.java:39)
	at org.telegram.telegrambots.meta.api.methods.updates.GetUpdates.deserializeResponse(GetUpdates.java:86)
	at org.telegram.telegrambots.updatesreceivers.DefaultBotSession$ReaderThread.getUpdatesFromServer(DefaultBotSession.java:258)
	at org.telegram.telegrambots.updatesreceivers.DefaultBotSession$ReaderThread.run(DefaultBotSession.java:188)
2026-02-01 00:32:23 [eccprayerbot Telegram Connection] ERROR o.t.t.u.DefaultBotSession - Error executing org.telegram.telegrambots.meta.api.methods.updates.GetUpdates query: [409] Conflict: terminated by other getUpdates request; make sure that only one bot instance is running
org.telegram.telegrambots.meta.exceptions.TelegramApiRequestException: Error executing org.telegram.telegrambots.meta.api.methods.updates.GetUpdates query: [409] Conflict: terminated by other getUpdates request; make sure that only one bot instance is running
	at org.telegram.telegrambots.meta.api.methods.PartialBotApiMethod.deserializeResponseInternal(PartialBotApiMethod.java:54)
	at org.telegram.telegrambots.meta.api.methods.PartialBotApiMethod.deserializeResponseArray(PartialBotApiMethod.java:39)
	at org.telegram.telegrambots.meta.api.methods.updates.GetUpdates.deserializeResponse(GetUpdates.java:86)
	at org.telegram.telegrambots.updatesreceivers.DefaultBotSession$ReaderThread.getUpdatesFromServer(DefaultBotSession.java:258)
	at org.telegram.telegrambots.updatesreceivers.DefaultBotSession$ReaderThread.run(DefaultBotSession.java:188)
2026-02-01 00:32:28 [eccprayerbot Telegram Connection] ERROR o.t.t.u.DefaultBotSession - Error executing org.telegram.telegrambots.meta.api.methods.updates.GetUpdates query: [409] Conflict: terminated by other getUpdates request; make sure that only one bot instance is running
org.telegram.telegrambots.meta.exceptions.TelegramApiRequestException: Error executing org.telegram.telegrambots.meta.api.methods.updates.GetUpdates query: [409] Conflict: terminated by other getUpdates request; make sure that only one bot instance is running
	at org.telegram.telegrambots.meta.api.methods.PartialBotApiMethod.deserializeResponseInternal(PartialBotApiMethod.java:54)
	at org.telegram.telegrambots.meta.api.methods.PartialBotApiMethod.deserializeResponseArray(PartialBotApiMethod.java:39)
	at org.telegram.telegrambots.meta.api.methods.updates.GetUpdates.deserializeResponse(GetUpdates.java:86)
	at org.telegram.telegrambots.updatesreceivers.DefaultBotSession$ReaderThread.getUpdatesFromServer(DefaultBotSession.java:258)
	at org.telegram.telegrambots.updatesreceivers.DefaultBotSession$ReaderThread.run(DefaultBotSession.java:188)
2026-02-01 00:32:32 [eccprayerbot Telegram Connection] ERROR o.t.t.u.DefaultBotSession - Error executing org.telegram.telegrambots.meta.api.methods.updates.GetUpdates query: [409] Conflict: terminated by other getUpdates request; make sure that only one bot instance is running
org.telegram.telegrambots.meta.exceptions.TelegramApiRequestException: Error executing org.telegram.telegrambots.meta.api.methods.updates.GetUpdates query: [409] Conflict: terminated by other getUpdates request; make sure that only one bot instance is running
	at org.telegram.telegrambots.meta.api.methods.PartialBotApiMethod.deserializeResponseInternal(PartialBotApiMethod.java:54)
	at org.telegram.telegrambots.meta.api.methods.PartialBotApiMethod.deserializeResponseArray(PartialBotApiMethod.java:39)
	at org.telegram.telegrambots.meta.api.methods.updates.GetUpdates.deserializeResponse(GetUpdates.java:86)
	at org.telegram.telegrambots.updatesreceivers.DefaultBotSession$ReaderThread.getUpdatesFromServer(DefaultBotSession.java:258)
	at org.telegram.telegrambots.updatesreceivers.DefaultBotSession$ReaderThread.run(DefaultBotSession.java:188)
2026-02-01 00:32:36 [eccprayerbot Telegram Connection] ERROR o.t.t.u.DefaultBotSession - Error executing org.telegram.telegrambots.meta.api.methods.updates.GetUpdates query: [409] Conflict: terminated by other getUpdates request; make sure that only one bot instance is running
org.telegram.telegrambots.meta.exceptions.TelegramApiRequestException: Error executing org.telegram.telegrambots.meta.api.methods.updates.GetUpdates query: [409] Conflict: terminated by other getUpdates request; make sure that only one bot instance is running
	at org.telegram.telegrambots.meta.api.methods.PartialBotApiMethod.deserializeResponseInternal(PartialBotApiMethod.java:54)
	at org.telegram.telegrambots.meta.api.methods.PartialBotApiMethod.deserializeResponseArray(PartialBotApiMethod.java:39)
	at org.telegram.telegrambots.meta.api.methods.updates.GetUpdates.deserializeResponse(GetUpdates.java:86)
	at org.telegram.telegrambots.updatesreceivers.DefaultBotSession$ReaderThread.getUpdatesFromServer(DefaultBotSession.java:258)
	at org.telegram.telegrambots.updatesreceivers.DefaultBotSession$ReaderThread.run(DefaultBotSession.java:188)
2026-02-01 00:32:41 [eccprayerbot Telegram Connection] ERROR o.t.t.u.DefaultBotSession - Error executing org.telegram.telegrambots.meta.api.methods.updates.GetUpdates query: [409] Conflict: terminated by other getUpdates request; make sure that only one bot instance is running
org.telegram.telegrambots.meta.exceptions.TelegramApiRequestException: Error executing org.telegram.telegrambots.meta.api.methods.updates.GetUpdates query: [409] Conflict: terminated by other getUpdates request; make sure that only one bot instance is running
	at org.telegram.telegrambots.meta.api.methods.PartialBotApiMethod.deserializeResponseInternal(PartialBotApiMethod.java:54)
	at org.telegram.telegrambots.meta.api.methods.PartialBotApiMethod.deserializeResponseArray(PartialBotApiMethod.java:39)
	at org.telegram.telegrambots.meta.api.methods.updates.GetUpdates.deserializeResponse(GetUpdates.java:86)
	at org.telegram.telegrambots.updatesreceivers.DefaultBotSession$ReaderThread.getUpdatesFromServer(DefaultBotSession.java:258)
	at org.telegram.telegrambots.updatesreceivers.DefaultBotSession$ReaderThread.run(DefaultBotSession.java:188)
2026-02-01 00:32:45 [eccprayerbot Telegram Connection] ERROR o.t.t.u.DefaultBotSession - Error executing org.telegram.telegrambots.meta.api.methods.updates.GetUpdates query: [409] Conflict: terminated by other getUpdates request; make sure that only one bot instance is running
org.telegram.telegrambots.meta.exceptions.TelegramApiRequestException: Error executing org.telegram.telegrambots.meta.api.methods.updates.GetUpdates query: [409] Conflict: terminated by other getUpdates request; make sure that only one bot instance is running
	at org.telegram.telegrambots.meta.api.methods.PartialBotApiMethod.deserializeResponseInternal(PartialBotApiMethod.java:54)
	at org.telegram.telegrambots.meta.api.methods.PartialBotApiMethod.deserializeResponseArray(PartialBotApiMethod.java:39)
	at org.telegram.telegrambots.meta.api.methods.updates.GetUpdates.deserializeResponse(GetUpdates.java:86)
	at org.telegram.telegrambots.updatesreceivers.DefaultBotSession$ReaderThread.getUpdatesFromServer(DefaultBotSession.java:258)
	at org.telegram.telegrambots.updatesreceivers.DefaultBotSession$ReaderThread.run(DefaultBotSession.java:188)
2026-02-01 00:32:50 [eccprayerbot Telegram Connection] ERROR o.t.t.u.DefaultBotSession - Error executing org.telegram.telegrambots.meta.api.methods.updates.GetUpdates query: [409] Conflict: terminated by other getUpdates request; make sure that only one bot instance is running
org.telegram.telegrambots.meta.exceptions.TelegramApiRequestException: Error executing org.telegram.telegrambots.meta.api.methods.updates.GetUpdates query: [409] Conflict: terminated by other getUpdates request; make sure that only one bot instance is running
	at org.telegram.telegrambots.meta.api.methods.PartialBotApiMethod.deserializeResponseInternal(PartialBotApiMethod.java:54)
	at org.telegram.telegrambots.meta.api.methods.PartialBotApiMethod.deserializeResponseArray(PartialBotApiMethod.java:39)
	at org.telegram.telegrambots.meta.api.methods.updates.GetUpdates.deserializeResponse(GetUpdates.java:86)
	at org.telegram.telegrambots.updatesreceivers.DefaultBotSession$ReaderThread.getUpdatesFromServer(DefaultBotSession.java:258)
	at org.telegram.telegrambots.updatesreceivers.DefaultBotSession$ReaderThread.run(DefaultBotSession.java:188)
2026-02-01 00:32:54 [eccprayerbot Telegram Connection] ERROR o.t.t.u.DefaultBotSession - Error executing org.telegram.telegrambots.meta.api.methods.updates.GetUpdates query: [409] Conflict: terminated by other getUpdates request; make sure that only one bot instance is running
org.telegram.telegrambots.meta.exceptions.TelegramApiRequestException: Error executing org.telegram.telegrambots.meta.api.methods.updates.GetUpdates query: [409] Conflict: terminated by other getUpdates request; make sure that only one bot instance is running
	at org.telegram.telegrambots.meta.api.methods.PartialBotApiMethod.deserializeResponseInternal(PartialBotApiMethod.java:54)
	at org.telegram.telegrambots.meta.api.methods.PartialBotApiMethod.deserializeResponseArray(PartialBotApiMethod.java:39)
	at org.telegram.telegrambots.meta.api.methods.updates.GetUpdates.deserializeResponse(GetUpdates.java:86)
	at org.telegram.telegrambots.updatesreceivers.DefaultBotSession$ReaderThread.getUpdatesFromServer(DefaultBotSession.java:258)
	at org.telegram.telegrambots.updatesreceivers.DefaultBotSession$ReaderThread.run(DefaultBotSession.java:188)
2026-02-01 00:32:59 [eccprayerbot Telegram Connection] ERROR o.t.t.u.DefaultBotSession - Error executing org.telegram.telegrambots.meta.api.methods.updates.GetUpdates query: [409] Conflict: terminated by other getUpdates request; make sure that only one bot instance is running
org.telegram.telegrambots.meta.exceptions.TelegramApiRequestException: Error executing org.telegram.telegrambots.meta.api.methods.updates.GetUpdates query: [409] Conflict: terminated by other getUpdates request; make sure that only one bot instance is running
	at org.telegram.telegrambots.meta.api.methods.PartialBotApiMethod.deserializeResponseInternal(PartialBotApiMethod.java:54)
	at org.telegram.telegrambots.meta.api.methods.PartialBotApiMethod.deserializeResponseArray(PartialBotApiMethod.java:39)
	at org.telegram.telegrambots.meta.api.methods.updates.GetUpdates.deserializeResponse(GetUpdates.java:86)
	at org.telegram.telegrambots.updatesreceivers.DefaultBotSession$ReaderThread.getUpdatesFromServer(DefaultBotSession.java:258)
	at org.telegram.telegrambots.updatesreceivers.DefaultBotSession$ReaderThread.run(DefaultBotSession.java:188)
2026-02-01 00:33:03 [eccprayerbot Telegram Connection] ERROR o.t.t.u.DefaultBotSession - Error executing org.telegram.telegrambots.meta.api.methods.updates.GetUpdates query: [409] Conflict: terminated by other getUpdates request; make sure that only one bot instance is running
org.telegram.telegrambots.meta.exceptions.TelegramApiRequestException: Error executing org.telegram.telegrambots.meta.api.methods.updates.GetUpdates query: [409] Conflict: terminated by other getUpdates request; make sure that only one bot instance is running
	at org.telegram.telegrambots.meta.api.methods.PartialBotApiMethod.deserializeResponseInternal(PartialBotApiMethod.java:54)
	at org.telegram.telegrambots.meta.api.methods.PartialBotApiMethod.deserializeResponseArray(PartialBotApiMethod.java:39)
	at org.telegram.telegrambots.meta.api.methods.updates.GetUpdates.deserializeResponse(GetUpdates.java:86)
	at org.telegram.telegrambots.updatesreceivers.DefaultBotSession$ReaderThread.getUpdatesFromServer(DefaultBotSession.java:258)
	at org.telegram.telegrambots.updatesreceivers.DefaultBotSession$ReaderThread.run(DefaultBotSession.java:188)
2026-02-01 00:33:07 [eccprayerbot Telegram Connection] ERROR o.t.t.u.DefaultBotSession - Error executing org.telegram.telegrambots.meta.api.methods.updates.GetUpdates query: [409] Conflict: terminated by other getUpdates request; make sure that only one bot instance is running
org.telegram.telegrambots.meta.exceptions.TelegramApiRequestException: Error executing org.telegram.telegrambots.meta.api.methods.updates.GetUpdates query: [409] Conflict: terminated by other getUpdates request; make sure that only one bot instance is running
	at org.telegram.telegrambots.meta.api.methods.PartialBotApiMethod.deserializeResponseInternal(PartialBotApiMethod.java:54)
	at org.telegram.telegrambots.meta.api.methods.PartialBotApiMethod.deserializeResponseArray(PartialBotApiMethod.java:39)
	at org.telegram.telegrambots.meta.api.methods.updates.GetUpdates.deserializeResponse(GetUpdates.java:86)
	at org.telegram.telegrambots.updatesreceivers.DefaultBotSession$ReaderThread.getUpdatesFromServer(DefaultBotSession.java:258)
	at org.telegram.telegrambots.updatesreceivers.DefaultBotSession$ReaderThread.run(DefaultBotSession.java:188)
2026-02-01 00:33:11 [eccprayerbot Telegram Connection] ERROR o.t.t.u.DefaultBotSession - Error executing org.telegram.telegrambots.meta.api.methods.updates.GetUpdates query: [409] Conflict: terminated by other getUpdates request; make sure that only one bot instance is running
org.telegram.telegrambots.meta.exceptions.TelegramApiRequestException: Error executing org.telegram.telegrambots.meta.api.methods.updates.GetUpdates query: [409] Conflict: terminated by other getUpdates request; make sure that only one bot instance is running
	at org.telegram.telegrambots.meta.api.methods.PartialBotApiMethod.deserializeResponseInternal(PartialBotApiMethod.java:54)
	at org.telegram.telegrambots.meta.api.methods.PartialBotApiMethod.deserializeResponseArray(PartialBotApiMethod.java:39)
	at org.telegram.telegrambots.meta.api.methods.updates.GetUpdates.deserializeResponse(GetUpdates.java:86)
	at org.telegram.telegrambots.updatesreceivers.DefaultBotSession$ReaderThread.getUpdatesFromServer(DefaultBotSession.java:258)
	at org.telegram.telegrambots.updatesreceivers.DefaultBotSession$ReaderThread.run(DefaultBotSession.java:188)
2026-02-01 00:33:16 [eccprayerbot Telegram Connection] ERROR o.t.t.u.DefaultBotSession - Error executing org.telegram.telegrambots.meta.api.methods.updates.GetUpdates query: [409] Conflict: terminated by other getUpdates request; make sure that only one bot instance is running
org.telegram.telegrambots.meta.exceptions.TelegramApiRequestException: Error executing org.telegram.telegrambots.meta.api.methods.updates.GetUpdates query: [409] Conflict: terminated by other getUpdates request; make sure that only one bot instance is running
	at org.telegram.telegrambots.meta.api.methods.PartialBotApiMethod.deserializeResponseInternal(PartialBotApiMethod.java:54)
	at org.telegram.telegrambots.meta.api.methods.PartialBotApiMethod.deserializeResponseArray(PartialBotApiMethod.java:39)
	at org.telegram.telegrambots.meta.api.methods.updates.GetUpdates.deserializeResponse(GetUpdates.java:86)
	at org.telegram.telegrambots.updatesreceivers.DefaultBotSession$ReaderThread.getUpdatesFromServer(DefaultBotSession.java:258)
	at org.telegram.telegrambots.updatesreceivers.DefaultBotSession$ReaderThread.run(DefaultBotSession.java:188)
2026-02-01 00:33:20 [eccprayerbot Telegram Connection] ERROR o.t.t.u.DefaultBotSession - Error executing org.telegram.telegrambots.meta.api.methods.updates.GetUpdates query: [409] Conflict: terminated by other getUpdates request; make sure that only one bot instance is running
org.telegram.telegrambots.meta.exceptions.TelegramApiRequestException: Error executing org.telegram.telegrambots.meta.api.methods.updates.GetUpdates query: [409] Conflict: terminated by other getUpdates request; make sure that only one bot instance is running
	at org.telegram.telegrambots.meta.api.methods.PartialBotApiMethod.deserializeResponseInternal(PartialBotApiMethod.java:54)
	at org.telegram.telegrambots.meta.api.methods.PartialBotApiMethod.deserializeResponseArray(PartialBotApiMethod.java:39)
	at org.telegram.telegrambots.meta.api.methods.updates.GetUpdates.deserializeResponse(GetUpdates.java:86)
	at org.telegram.telegrambots.updatesreceivers.DefaultBotSession$ReaderThread.getUpdatesFromServer(DefaultBotSession.java:258)
	at org.telegram.telegrambots.updatesreceivers.DefaultBotSession$ReaderThread.run(DefaultBotSession.java:188)
2026-02-01 00:33:24 [eccprayerbot Telegram Connection] ERROR o.t.t.u.DefaultBotSession - Error executing org.telegram.telegrambots.meta.api.methods.updates.GetUpdates query: [409] Conflict: terminated by other getUpdates request; make sure that only one bot instance is running
org.telegram.telegrambots.meta.exceptions.TelegramApiRequestException: Error executing org.telegram.telegrambots.meta.api.methods.updates.GetUpdates query: [409] Conflict: terminated by other getUpdates request; make sure that only one bot instance is running
	at org.telegram.telegrambots.meta.api.methods.PartialBotApiMethod.deserializeResponseInternal(PartialBotApiMethod.java:54)
	at org.telegram.telegrambots.meta.api.methods.PartialBotApiMethod.deserializeResponseArray(PartialBotApiMethod.java:39)
	at org.telegram.telegrambots.meta.api.methods.updates.GetUpdates.deserializeResponse(GetUpdates.java:86)
	at org.telegram.telegrambots.updatesreceivers.DefaultBotSession$ReaderThread.getUpdatesFromServer(DefaultBotSession.java:258)
	at org.telegram.telegrambots.updatesreceivers.DefaultBotSession$ReaderThread.run(DefaultBotSession.java:188)
2026-02-01 00:33:28 [eccprayerbot Telegram Connection] ERROR o.t.t.u.DefaultBotSession - Error executing org.telegram.telegrambots.meta.api.methods.updates.GetUpdates query: [409] Conflict: terminated by other getUpdates request; make sure that only one bot instance is running
org.telegram.telegrambots.meta.exceptions.TelegramApiRequestException: Error executing org.telegram.telegrambots.meta.api.methods.updates.GetUpdates query: [409] Conflict: terminated by other getUpdates request; make sure that only one bot instance is running
	at org.telegram.telegrambots.meta.api.methods.PartialBotApiMethod.deserializeResponseInternal(PartialBotApiMethod.java:54)
	at org.telegram.telegrambots.meta.api.methods.PartialBotApiMethod.deserializeResponseArray(PartialBotApiMethod.java:39)
	at org.telegram.telegrambots.meta.api.methods.updates.GetUpdates.deserializeResponse(GetUpdates.java:86)
	at org.telegram.telegrambots.updatesreceivers.DefaultBotSession$ReaderThread.getUpdatesFromServer(DefaultBotSession.java:258)
	at org.telegram.telegrambots.updatesreceivers.DefaultBotSession$ReaderThread.run(DefaultBotSession.java:188)
2026-02-01 00:33:33 [eccprayerbot Telegram Connection] ERROR o.t.t.u.DefaultBotSession - Error executing org.telegram.telegrambots.meta.api.methods.updates.GetUpdates query: [409] Conflict: terminated by other getUpdates request; make sure that only one bot instance is running
org.telegram.telegrambots.meta.exceptions.TelegramApiRequestException: Error executing org.telegram.telegrambots.meta.api.methods.updates.GetUpdates query: [409] Conflict: terminated by other getUpdates request; make sure that only one bot instance is running
	at org.telegram.telegrambots.meta.api.methods.PartialBotApiMethod.deserializeResponseInternal(PartialBotApiMethod.java:54)
	at org.telegram.telegrambots.meta.api.methods.PartialBotApiMethod.deserializeResponseArray(PartialBotApiMethod.java:39)
	at org.telegram.telegrambots.meta.api.methods.updates.GetUpdates.deserializeResponse(GetUpdates.java:86)
	at org.telegram.telegrambots.updatesreceivers.DefaultBotSession$ReaderThread.getUpdatesFromServer(DefaultBotSession.java:258)
	at org.telegram.telegrambots.updatesreceivers.DefaultBotSession$ReaderThread.run(DefaultBotSession.java:188)
2026-02-01 00:33:37 [eccprayerbot Telegram Connection] ERROR o.t.t.u.DefaultBotSession - Error executing org.telegram.telegrambots.meta.api.methods.updates.GetUpdates query: [409] Conflict: terminated by other getUpdates request; make sure that only one bot instance is running
org.telegram.telegrambots.meta.exceptions.TelegramApiRequestException: Error executing org.telegram.telegrambots.meta.api.methods.updates.GetUpdates query: [409] Conflict: terminated by other getUpdates request; make sure that only one bot instance is running
	at org.telegram.telegrambots.meta.api.methods.PartialBotApiMethod.deserializeResponseInternal(PartialBotApiMethod.java:54)
	at org.telegram.telegrambots.meta.api.methods.PartialBotApiMethod.deserializeResponseArray(PartialBotApiMethod.java:39)
	at org.telegram.telegrambots.meta.api.methods.updates.GetUpdates.deserializeResponse(GetUpdates.java:86)
	at org.telegram.telegrambots.updatesreceivers.DefaultBotSession$ReaderThread.getUpdatesFromServer(DefaultBotSession.java:258)
	at org.telegram.telegrambots.updatesreceivers.DefaultBotSession$ReaderThread.run(DefaultBotSession.java:188)
2026-02-01 00:33:41 [eccprayerbot Telegram Connection] ERROR o.t.t.u.DefaultBotSession - Error executing org.telegram.telegrambots.meta.api.methods.updates.GetUpdates query: [409] Conflict: terminated by other getUpdates request; make sure that only one bot instance is running
org.telegram.telegrambots.meta.exceptions.TelegramApiRequestException: Error executing org.telegram.telegrambots.meta.api.methods.updates.GetUpdates query: [409] Conflict: terminated by other getUpdates request; make sure that only one bot instance is running
	at org.telegram.telegrambots.meta.api.methods.PartialBotApiMethod.deserializeResponseInternal(PartialBotApiMethod.java:54)
	at org.telegram.telegrambots.meta.api.methods.PartialBotApiMethod.deserializeResponseArray(PartialBotApiMethod.java:39)
	at org.telegram.telegrambots.meta.api.methods.updates.GetUpdates.deserializeResponse(GetUpdates.java:86)
	at org.telegram.telegrambots.updatesreceivers.DefaultBotSession$ReaderThread.getUpdatesFromServer(DefaultBotSession.java:258)
	at org.telegram.telegrambots.updatesreceivers.DefaultBotSession$ReaderThread.run(DefaultBotSession.java:188)
2026-02-01 00:33:46 [eccprayerbot Telegram Connection] ERROR o.t.t.u.DefaultBotSession - Error executing org.telegram.telegrambots.meta.api.methods.updates.GetUpdates query: [409] Conflict: terminated by other getUpdates request; make sure that only one bot instance is running
org.telegram.telegrambots.meta.exceptions.TelegramApiRequestException: Error executing org.telegram.telegrambots.meta.api.methods.updates.GetUpdates query: [409] Conflict: terminated by other getUpdates request; make sure that only one bot instance is running
	at org.telegram.telegrambots.meta.api.methods.PartialBotApiMethod.deserializeResponseInternal(PartialBotApiMethod.java:54)
	at org.telegram.telegrambots.meta.api.methods.PartialBotApiMethod.deserializeResponseArray(PartialBotApiMethod.java:39)
	at org.telegram.telegrambots.meta.api.methods.updates.GetUpdates.deserializeResponse(GetUpdates.java:86)
	at org.telegram.telegrambots.updatesreceivers.DefaultBotSession$ReaderThread.getUpdatesFromServer(DefaultBotSession.java:258)
	at org.telegram.telegrambots.updatesreceivers.DefaultBotSession$ReaderThread.run(DefaultBotSession.java:188)
2026-02-01 00:33:50 [eccprayerbot Telegram Connection] ERROR o.t.t.u.DefaultBotSession - Error executing org.telegram.telegrambots.meta.api.methods.updates.GetUpdates query: [409] Conflict: terminated by other getUpdates request; make sure that only one bot instance is running
org.telegram.telegrambots.meta.exceptions.TelegramApiRequestException: Error executing org.telegram.telegrambots.meta.api.methods.updates.GetUpdates query: [409] Conflict: terminated by other getUpdates request; make sure that only one bot instance is running
	at org.telegram.telegrambots.meta.api.methods.PartialBotApiMethod.deserializeResponseInternal(PartialBotApiMethod.java:54)
	at org.telegram.telegrambots.meta.api.methods.PartialBotApiMethod.deserializeResponseArray(PartialBotApiMethod.java:39)
	at org.telegram.telegrambots.meta.api.methods.updates.GetUpdates.deserializeResponse(GetUpdates.java:86)
	at org.telegram.telegrambots.updatesreceivers.DefaultBotSession$ReaderThread.getUpdatesFromServer(DefaultBotSession.java:258)
	at org.telegram.telegrambots.updatesreceivers.DefaultBotSession$ReaderThread.run(DefaultBotSession.java:188)
2026-02-01 00:33:54 [eccprayerbot Telegram Connection] ERROR o.t.t.u.DefaultBotSession - Error executing org.telegram.telegrambots.meta.api.methods.updates.GetUpdates query: [409] Conflict: terminated by other getUpdates request; make sure that only one bot instance is running
org.telegram.telegrambots.meta.exceptions.TelegramApiRequestException: Error executing org.telegram.telegrambots.meta.api.methods.updates.GetUpdates query: [409] Conflict: terminated by other getUpdates request; make sure that only one bot instance is running
	at org.telegram.telegrambots.meta.api.methods.PartialBotApiMethod.deserializeResponseInternal(PartialBotApiMethod.java:54)
	at org.telegram.telegrambots.meta.api.methods.PartialBotApiMethod.deserializeResponseArray(PartialBotApiMethod.java:39)
	at org.telegram.telegrambots.meta.api.methods.updates.GetUpdates.deserializeResponse(GetUpdates.java:86)
	at org.telegram.telegrambots.updatesreceivers.DefaultBotSession$ReaderThread.getUpdatesFromServer(DefaultBotSession.java:258)
	at org.telegram.telegrambots.updatesreceivers.DefaultBotSession$ReaderThread.run(DefaultBotSession.java:188)
2026-02-01 00:33:59 [eccprayerbot Telegram Connection] ERROR o.t.t.u.DefaultBotSession - Error executing org.telegram.telegrambots.meta.api.methods.updates.GetUpdates query: [409] Conflict: terminated by other getUpdates request; make sure that only one bot instance is running
org.telegram.telegrambots.meta.exceptions.TelegramApiRequestException: Error executing org.telegram.telegrambots.meta.api.methods.updates.GetUpdates query: [409] Conflict: terminated by other getUpdates request; make sure that only one bot instance is running
	at org.telegram.telegrambots.meta.api.methods.PartialBotApiMethod.deserializeResponseInternal(PartialBotApiMethod.java:54)
	at org.telegram.telegrambots.meta.api.methods.PartialBotApiMethod.deserializeResponseArray(PartialBotApiMethod.java:39)
	at org.telegram.telegrambots.meta.api.methods.updates.GetUpdates.deserializeResponse(GetUpdates.java:86)
	at org.telegram.telegrambots.updatesreceivers.DefaultBotSession$ReaderThread.getUpdatesFromServer(DefaultBotSession.java:258)
	at org.telegram.telegrambots.updatesreceivers.DefaultBotSession$ReaderThread.run(DefaultBotSession.java:188)
2026-02-01 00:34:04 [eccprayerbot Telegram Connection] ERROR o.t.t.u.DefaultBotSession - Error executing org.telegram.telegrambots.meta.api.methods.updates.GetUpdates query: [409] Conflict: terminated by other getUpdates request; make sure that only one bot instance is running
org.telegram.telegrambots.meta.exceptions.TelegramApiRequestException: Error executing org.telegram.telegrambots.meta.api.methods.updates.GetUpdates query: [409] Conflict: terminated by other getUpdates request; make sure that only one bot instance is running
	at org.telegram.telegrambots.meta.api.methods.PartialBotApiMethod.deserializeResponseInternal(PartialBotApiMethod.java:54)
	at org.telegram.telegrambots.meta.api.methods.PartialBotApiMethod.deserializeResponseArray(PartialBotApiMethod.java:39)
	at org.telegram.telegrambots.meta.api.methods.updates.GetUpdates.deserializeResponse(GetUpdates.java:86)
	at org.telegram.telegrambots.updatesreceivers.DefaultBotSession$ReaderThread.getUpdatesFromServer(DefaultBotSession.java:258)
	at org.telegram.telegrambots.updatesreceivers.DefaultBotSession$ReaderThread.run(DefaultBotSession.java:188)
2026-02-01 00:34:08 [eccprayerbot Telegram Connection] ERROR o.t.t.u.DefaultBotSession - Error executing org.telegram.telegrambots.meta.api.methods.updates.GetUpdates query: [409] Conflict: terminated by other getUpdates request; make sure that only one bot instance is running
org.telegram.telegrambots.meta.exceptions.TelegramApiRequestException: Error executing org.telegram.telegrambots.meta.api.methods.updates.GetUpdates query: [409] Conflict: terminated by other getUpdates request; make sure that only one bot instance is running
	at org.telegram.telegrambots.meta.api.methods.PartialBotApiMethod.deserializeResponseInternal(PartialBotApiMethod.java:54)
	at org.telegram.telegrambots.meta.api.methods.PartialBotApiMethod.deserializeResponseArray(PartialBotApiMethod.java:39)
	at org.telegram.telegrambots.meta.api.methods.updates.GetUpdates.deserializeResponse(GetUpdates.java:86)
	at org.telegram.telegrambots.updatesreceivers.DefaultBotSession$ReaderThread.getUpdatesFromServer(DefaultBotSession.java:258)
	at org.telegram.telegrambots.updatesreceivers.DefaultBotSession$ReaderThread.run(DefaultBotSession.java:188)
2026-02-01 00:34:12 [eccprayerbot Telegram Connection] ERROR o.t.t.u.DefaultBotSession - Error executing org.telegram.telegrambots.meta.api.methods.updates.GetUpdates query: [409] Conflict: terminated by other getUpdates request; make sure that only one bot instance is running
org.telegram.telegrambots.meta.exceptions.TelegramApiRequestException: Error executing org.telegram.telegrambots.meta.api.methods.updates.GetUpdates query: [409] Conflict: terminated by other getUpdates request; make sure that only one bot instance is running
	at org.telegram.telegrambots.meta.api.methods.PartialBotApiMethod.deserializeResponseInternal(PartialBotApiMethod.java:54)
	at org.telegram.telegrambots.meta.api.methods.PartialBotApiMethod.deserializeResponseArray(PartialBotApiMethod.java:39)
	at org.telegram.telegrambots.meta.api.methods.updates.GetUpdates.deserializeResponse(GetUpdates.java:86)
	at org.telegram.telegrambots.updatesreceivers.DefaultBotSession$ReaderThread.getUpdatesFromServer(DefaultBotSession.java:258)
	at org.telegram.telegrambots.updatesreceivers.DefaultBotSession$ReaderThread.run(DefaultBotSession.java:188)
2026-02-01 00:34:17 [eccprayerbot Telegram Connection] ERROR o.t.t.u.DefaultBotSession - Error executing org.telegram.telegrambots.meta.api.methods.updates.GetUpdates query: [409] Conflict: terminated by other getUpdates request; make sure that only one bot instance is running
org.telegram.telegrambots.meta.exceptions.TelegramApiRequestException: Error executing org.telegram.telegrambots.meta.api.methods.updates.GetUpdates query: [409] Conflict: terminated by other getUpdates request; make sure that only one bot instance is running
	at org.telegram.telegrambots.meta.api.methods.PartialBotApiMethod.deserializeResponseInternal(PartialBotApiMethod.java:54)
	at org.telegram.telegrambots.meta.api.methods.PartialBotApiMethod.deserializeResponseArray(PartialBotApiMethod.java:39)
	at org.telegram.telegrambots.meta.api.methods.updates.GetUpdates.deserializeResponse(GetUpdates.java:86)
	at org.telegram.telegrambots.updatesreceivers.DefaultBotSession$ReaderThread.getUpdatesFromServer(DefaultBotSession.java:258)
	at org.telegram.telegrambots.updatesreceivers.DefaultBotSession$ReaderThread.run(DefaultBotSession.java:188)
2026-02-01 00:34:21 [eccprayerbot Telegram Connection] ERROR o.t.t.u.DefaultBotSession - Error executing org.telegram.telegrambots.meta.api.methods.updates.GetUpdates query: [409] Conflict: terminated by other getUpdates request; make sure that only one bot instance is running
org.telegram.telegrambots.meta.exceptions.TelegramApiRequestException: Error executing org.telegram.telegrambots.meta.api.methods.updates.GetUpdates query: [409] Conflict: terminated by other getUpdates request; make sure that only one bot instance is running
	at org.telegram.telegrambots.meta.api.methods.PartialBotApiMethod.deserializeResponseInternal(PartialBotApiMethod.java:54)
	at org.telegram.telegrambots.meta.api.methods.PartialBotApiMethod.deserializeResponseArray(PartialBotApiMethod.java:39)
	at org.telegram.telegrambots.meta.api.methods.updates.GetUpdates.deserializeResponse(GetUpdates.java:86)
	at org.telegram.telegrambots.updatesreceivers.DefaultBotSession$ReaderThread.getUpdatesFromServer(DefaultBotSession.java:258)
	at org.telegram.telegrambots.updatesreceivers.DefaultBotSession$ReaderThread.run(DefaultBotSession.java:188)
2026-02-01 00:34:25 [eccprayerbot Telegram Connection] ERROR o.t.t.u.DefaultBotSession - Error executing org.telegram.telegrambots.meta.api.methods.updates.GetUpdates query: [409] Conflict: terminated by other getUpdates request; make sure that only one bot instance is running
org.telegram.telegrambots.meta.exceptions.TelegramApiRequestException: Error executing org.telegram.telegrambots.meta.api.methods.updates.GetUpdates query: [409] Conflict: terminated by other getUpdates request; make sure that only one bot instance is running
	at org.telegram.telegrambots.meta.api.methods.PartialBotApiMethod.deserializeResponseInternal(PartialBotApiMethod.java:54)
	at org.telegram.telegrambots.meta.api.methods.PartialBotApiMethod.deserializeResponseArray(PartialBotApiMethod.java:39)
	at org.telegram.telegrambots.meta.api.methods.updates.GetUpdates.deserializeResponse(GetUpdates.java:86)
	at org.telegram.telegrambots.updatesreceivers.DefaultBotSession$ReaderThread.getUpdatesFromServer(DefaultBotSession.java:258)
	at org.telegram.telegrambots.updatesreceivers.DefaultBotSession$ReaderThread.run(DefaultBotSession.java:188)
2026-02-01 00:34:30 [eccprayerbot Telegram Connection] ERROR o.t.t.u.DefaultBotSession - Error executing org.telegram.telegrambots.meta.api.methods.updates.GetUpdates query: [409] Conflict: terminated by other getUpdates request; make sure that only one bot instance is running
org.telegram.telegrambots.meta.exceptions.TelegramApiRequestException: Error executing org.telegram.telegrambots.meta.api.methods.updates.GetUpdates query: [409] Conflict: terminated by other getUpdates request; make sure that only one bot instance is running
	at org.telegram.telegrambots.meta.api.methods.PartialBotApiMethod.deserializeResponseInternal(PartialBotApiMethod.java:54)
	at org.telegram.telegrambots.meta.api.methods.PartialBotApiMethod.deserializeResponseArray(PartialBotApiMethod.java:39)
	at org.telegram.telegrambots.meta.api.methods.updates.GetUpdates.deserializeResponse(GetUpdates.java:86)
	at org.telegram.telegrambots.updatesreceivers.DefaultBotSession$ReaderThread.getUpdatesFromServer(DefaultBotSession.java:258)
	at org.telegram.telegrambots.updatesreceivers.DefaultBotSession$ReaderThread.run(DefaultBotSession.java:188)
2026-02-01 00:34:34 [eccprayerbot Telegram Connection] ERROR o.t.t.u.DefaultBotSession - Error executing org.telegram.telegrambots.meta.api.methods.updates.GetUpdates query: [409] Conflict: terminated by other getUpdates request; make sure that only one bot instance is running
org.telegram.telegrambots.meta.exceptions.TelegramApiRequestException: Error executing org.telegram.telegrambots.meta.api.methods.updates.GetUpdates query: [409] Conflict: terminated by other getUpdates request; make sure that only one bot instance is running
	at org.telegram.telegrambots.meta.api.methods.PartialBotApiMethod.deserializeResponseInternal(PartialBotApiMethod.java:54)
	at org.telegram.telegrambots.meta.api.methods.PartialBotApiMethod.deserializeResponseArray(PartialBotApiMethod.java:39)
	at org.telegram.telegrambots.meta.api.methods.updates.GetUpdates.deserializeResponse(GetUpdates.java:86)
	at org.telegram.telegrambots.updatesreceivers.DefaultBotSession$ReaderThread.getUpdatesFromServer(DefaultBotSession.java:258)
	at org.telegram.telegrambots.updatesreceivers.DefaultBotSession$ReaderThread.run(DefaultBotSession.java:188)
2026-02-01 00:34:38 [eccprayerbot Telegram Connection] ERROR o.t.t.u.DefaultBotSession - Error executing org.telegram.telegrambots.meta.api.methods.updates.GetUpdates query: [409] Conflict: terminated by other getUpdates request; make sure that only one bot instance is running
org.telegram.telegrambots.meta.exceptions.TelegramApiRequestException: Error executing org.telegram.telegrambots.meta.api.methods.updates.GetUpdates query: [409] Conflict: terminated by other getUpdates request; make sure that only one bot instance is running
	at org.telegram.telegrambots.meta.api.methods.PartialBotApiMethod.deserializeResponseInternal(PartialBotApiMethod.java:54)
	at org.telegram.telegrambots.meta.api.methods.PartialBotApiMethod.deserializeResponseArray(PartialBotApiMethod.java:39)
	at org.telegram.telegrambots.meta.api.methods.updates.GetUpdates.deserializeResponse(GetUpdates.java:86)
	at org.telegram.telegrambots.updatesreceivers.DefaultBotSession$ReaderThread.getUpdatesFromServer(DefaultBotSession.java:258)
	at org.telegram.telegrambots.updatesreceivers.DefaultBotSession$ReaderThread.run(DefaultBotSession.java:188)
2026-02-01 00:34:42 [eccprayerbot Telegram Connection] ERROR o.t.t.u.DefaultBotSession - Error executing org.telegram.telegrambots.meta.api.methods.updates.GetUpdates query: [409] Conflict: terminated by other getUpdates request; make sure that only one bot instance is running
org.telegram.telegrambots.meta.exceptions.TelegramApiRequestException: Error executing org.telegram.telegrambots.meta.api.methods.updates.GetUpdates query: [409] Conflict: terminated by other getUpdates request; make sure that only one bot instance is running
	at org.telegram.telegrambots.meta.api.methods.PartialBotApiMethod.deserializeResponseInternal(PartialBotApiMethod.java:54)
	at org.telegram.telegrambots.meta.api.methods.PartialBotApiMethod.deserializeResponseArray(PartialBotApiMethod.java:39)
	at org.telegram.telegrambots.meta.api.methods.updates.GetUpdates.deserializeResponse(GetUpdates.java:86)
	at org.telegram.telegrambots.updatesreceivers.DefaultBotSession$ReaderThread.getUpdatesFromServer(DefaultBotSession.java:258)
	at org.telegram.telegrambots.updatesreceivers.DefaultBotSession$ReaderThread.run(DefaultBotSession.java:188)
2026-02-01 00:34:47 [eccprayerbot Telegram Connection] ERROR o.t.t.u.DefaultBotSession - Error executing org.telegram.telegrambots.meta.api.methods.updates.GetUpdates query: [409] Conflict: terminated by other getUpdates request; make sure that only one bot instance is running
org.telegram.telegrambots.meta.exceptions.TelegramApiRequestException: Error executing org.telegram.telegrambots.meta.api.methods.updates.GetUpdates query: [409] Conflict: terminated by other getUpdates request; make sure that only one bot instance is running
	at org.telegram.telegrambots.meta.api.methods.PartialBotApiMethod.deserializeResponseInternal(PartialBotApiMethod.java:54)
	at org.telegram.telegrambots.meta.api.methods.PartialBotApiMethod.deserializeResponseArray(PartialBotApiMethod.java:39)
	at org.telegram.telegrambots.meta.api.methods.updates.GetUpdates.deserializeResponse(GetUpdates.java:86)
	at org.telegram.telegrambots.updatesreceivers.DefaultBotSession$ReaderThread.getUpdatesFromServer(DefaultBotSession.java:258)
	at org.telegram.telegrambots.updatesreceivers.DefaultBotSession$ReaderThread.run(DefaultBotSession.java:188)
2026-02-01 00:34:51 [eccprayerbot Telegram Connection] ERROR o.t.t.u.DefaultBotSession - Error executing org.telegram.telegrambots.meta.api.methods.updates.GetUpdates query: [409] Conflict: terminated by other getUpdates request; make sure that only one bot instance is running
org.telegram.telegrambots.meta.exceptions.TelegramApiRequestException: Error executing org.telegram.telegrambots.meta.api.methods.updates.GetUpdates query: [409] Conflict: terminated by other getUpdates request; make sure that only one bot instance is running
	at org.telegram.telegrambots.meta.api.methods.PartialBotApiMethod.deserializeResponseInternal(PartialBotApiMethod.java:54)
	at org.telegram.telegrambots.meta.api.methods.PartialBotApiMethod.deserializeResponseArray(PartialBotApiMethod.java:39)
	at org.telegram.telegrambots.meta.api.methods.updates.GetUpdates.deserializeResponse(GetUpdates.java:86)
	at org.telegram.telegrambots.updatesreceivers.DefaultBotSession$ReaderThread.getUpdatesFromServer(DefaultBotSession.java:258)
	at org.telegram.telegrambots.updatesreceivers.DefaultBotSession$ReaderThread.run(DefaultBotSession.java:188)
2026-02-01 00:34:55 [eccprayerbot Telegram Connection] ERROR o.t.t.u.DefaultBotSession - Error executing org.telegram.telegrambots.meta.api.methods.updates.GetUpdates query: [409] Conflict: terminated by other getUpdates request; make sure that only one bot instance is running
org.telegram.telegrambots.meta.exceptions.TelegramApiRequestException: Error executing org.telegram.telegrambots.meta.api.methods.updates.GetUpdates query: [409] Conflict: terminated by other getUpdates request; make sure that only one bot instance is running
	at org.telegram.telegrambots.meta.api.methods.PartialBotApiMethod.deserializeResponseInternal(PartialBotApiMethod.java:54)
	at org.telegram.telegrambots.meta.api.methods.PartialBotApiMethod.deserializeResponseArray(PartialBotApiMethod.java:39)
	at org.telegram.telegrambots.meta.api.methods.updates.GetUpdates.deserializeResponse(GetUpdates.java:86)
	at org.telegram.telegrambots.updatesreceivers.DefaultBotSession$ReaderThread.getUpdatesFromServer(DefaultBotSession.java:258)
	at org.telegram.telegrambots.updatesreceivers.DefaultBotSession$ReaderThread.run(DefaultBotSession.java:188)
2026-02-01 00:34:59 [eccprayerbot Telegram Connection] ERROR o.t.t.u.DefaultBotSession - Error executing org.telegram.telegrambots.meta.api.methods.updates.GetUpdates query: [409] Conflict: terminated by other getUpdates request; make sure that only one bot instance is running
org.telegram.telegrambots.meta.exceptions.TelegramApiRequestException: Error executing org.telegram.telegrambots.meta.api.methods.updates.GetUpdates query: [409] Conflict: terminated by other getUpdates request; make sure that only one bot instance is running
	at org.telegram.telegrambots.meta.api.methods.PartialBotApiMethod.deserializeResponseInternal(PartialBotApiMethod.java:54)
	at org.telegram.telegrambots.meta.api.methods.PartialBotApiMethod.deserializeResponseArray(PartialBotApiMethod.java:39)
	at org.telegram.telegrambots.meta.api.methods.updates.GetUpdates.deserializeResponse(GetUpdates.java:86)
	at org.telegram.telegrambots.updatesreceivers.DefaultBotSession$ReaderThread.getUpdatesFromServer(DefaultBotSession.java:258)
	at org.telegram.telegrambots.updatesreceivers.DefaultBotSession$ReaderThread.run(DefaultBotSession.java:188)
2026-02-01 00:35:04 [eccprayerbot Telegram Connection] ERROR o.t.t.u.DefaultBotSession - Error executing org.telegram.telegrambots.meta.api.methods.updates.GetUpdates query: [409] Conflict: terminated by other getUpdates request; make sure that only one bot instance is running
org.telegram.telegrambots.meta.exceptions.TelegramApiRequestException: Error executing org.telegram.telegrambots.meta.api.methods.updates.GetUpdates query: [409] Conflict: terminated by other getUpdates request; make sure that only one bot instance is running
	at org.telegram.telegrambots.meta.api.methods.PartialBotApiMethod.deserializeResponseInternal(PartialBotApiMethod.java:54)
	at org.telegram.telegrambots.meta.api.methods.PartialBotApiMethod.deserializeResponseArray(PartialBotApiMethod.java:39)
	at org.telegram.telegrambots.meta.api.methods.updates.GetUpdates.deserializeResponse(GetUpdates.java:86)
	at org.telegram.telegrambots.updatesreceivers.DefaultBotSession$ReaderThread.getUpdatesFromServer(DefaultBotSession.java:258)
	at org.telegram.telegrambots.updatesreceivers.DefaultBotSession$ReaderThread.run(DefaultBotSession.java:188)
2026-02-01 00:35:08 [eccprayerbot Telegram Connection] ERROR o.t.t.u.DefaultBotSession - Error executing org.telegram.telegrambots.meta.api.methods.updates.GetUpdates query: [409] Conflict: terminated by other getUpdates request; make sure that only one bot instance is running
org.telegram.telegrambots.meta.exceptions.TelegramApiRequestException: Error executing org.telegram.telegrambots.meta.api.methods.updates.GetUpdates query: [409] Conflict: terminated by other getUpdates request; make sure that only one bot instance is running
	at org.telegram.telegrambots.meta.api.methods.PartialBotApiMethod.deserializeResponseInternal(PartialBotApiMethod.java:54)
	at org.telegram.telegrambots.meta.api.methods.PartialBotApiMethod.deserializeResponseArray(PartialBotApiMethod.java:39)
	at org.telegram.telegrambots.meta.api.methods.updates.GetUpdates.deserializeResponse(GetUpdates.java:86)
	at org.telegram.telegrambots.updatesreceivers.DefaultBotSession$ReaderThread.getUpdatesFromServer(DefaultBotSession.java:258)
	at org.telegram.telegrambots.updatesreceivers.DefaultBotSession$ReaderThread.run(DefaultBotSession.java:188)
2026-02-01 00:35:13 [eccprayerbot Telegram Connection] ERROR o.t.t.u.DefaultBotSession - Error executing org.telegram.telegrambots.meta.api.methods.updates.GetUpdates query: [409] Conflict: terminated by other getUpdates request; make sure that only one bot instance is running
org.telegram.telegrambots.meta.exceptions.TelegramApiRequestException: Error executing org.telegram.telegrambots.meta.api.methods.updates.GetUpdates query: [409] Conflict: terminated by other getUpdates request; make sure that only one bot instance is running
	at org.telegram.telegrambots.meta.api.methods.PartialBotApiMethod.deserializeResponseInternal(PartialBotApiMethod.java:54)
	at org.telegram.telegrambots.meta.api.methods.PartialBotApiMethod.deserializeResponseArray(PartialBotApiMethod.java:39)
	at org.telegram.telegrambots.meta.api.methods.updates.GetUpdates.deserializeResponse(GetUpdates.java:86)
	at org.telegram.telegrambots.updatesreceivers.DefaultBotSession$ReaderThread.getUpdatesFromServer(DefaultBotSession.java:258)
	at org.telegram.telegrambots.updatesreceivers.DefaultBotSession$ReaderThread.run(DefaultBotSession.java:188)
2026-02-01 00:35:17 [eccprayerbot Telegram Connection] ERROR o.t.t.u.DefaultBotSession - Error executing org.telegram.telegrambots.meta.api.methods.updates.GetUpdates query: [409] Conflict: terminated by other getUpdates request; make sure that only one bot instance is running
org.telegram.telegrambots.meta.exceptions.TelegramApiRequestException: Error executing org.telegram.telegrambots.meta.api.methods.updates.GetUpdates query: [409] Conflict: terminated by other getUpdates request; make sure that only one bot instance is running
	at org.telegram.telegrambots.meta.api.methods.PartialBotApiMethod.deserializeResponseInternal(PartialBotApiMethod.java:54)
	at org.telegram.telegrambots.meta.api.methods.PartialBotApiMethod.deserializeResponseArray(PartialBotApiMethod.java:39)
	at org.telegram.telegrambots.meta.api.methods.updates.GetUpdates.deserializeResponse(GetUpdates.java:86)
	at org.telegram.telegrambots.updatesreceivers.DefaultBotSession$ReaderThread.getUpdatesFromServer(DefaultBotSession.java:258)
	at org.telegram.telegrambots.updatesreceivers.DefaultBotSession$ReaderThread.run(DefaultBotSession.java:188)
2026-02-01 00:35:22 [eccprayerbot Telegram Connection] ERROR o.t.t.u.DefaultBotSession - Error executing org.telegram.telegrambots.meta.api.methods.updates.GetUpdates query: [409] Conflict: terminated by other getUpdates request; make sure that only one bot instance is running
org.telegram.telegrambots.meta.exceptions.TelegramApiRequestException: Error executing org.telegram.telegrambots.meta.api.methods.updates.GetUpdates query: [409] Conflict: terminated by other getUpdates request; make sure that only one bot instance is running
	at org.telegram.telegrambots.meta.api.methods.PartialBotApiMethod.deserializeResponseInternal(PartialBotApiMethod.java:54)
	at org.telegram.telegrambots.meta.api.methods.PartialBotApiMethod.deserializeResponseArray(PartialBotApiMethod.java:39)
	at org.telegram.telegrambots.meta.api.methods.updates.GetUpdates.deserializeResponse(GetUpdates.java:86)
	at org.telegram.telegrambots.updatesreceivers.DefaultBotSession$ReaderThread.getUpdatesFromServer(DefaultBotSession.java:258)
	at org.telegram.telegrambots.updatesreceivers.DefaultBotSession$ReaderThread.run(DefaultBotSession.java:188)
2026-02-01 00:35:26 [eccprayerbot Telegram Connection] ERROR o.t.t.u.DefaultBotSession - Error executing org.telegram.telegrambots.meta.api.methods.updates.GetUpdates query: [409] Conflict: terminated by other getUpdates request; make sure that only one bot instance is running
org.telegram.telegrambots.meta.exceptions.TelegramApiRequestException: Error executing org.telegram.telegrambots.meta.api.methods.updates.GetUpdates query: [409] Conflict: terminated by other getUpdates request; make sure that only one bot instance is running
	at org.telegram.telegrambots.meta.api.methods.PartialBotApiMethod.deserializeResponseInternal(PartialBotApiMethod.java:54)
	at org.telegram.telegrambots.meta.api.methods.PartialBotApiMethod.deserializeResponseArray(PartialBotApiMethod.java:39)
	at org.telegram.telegrambots.meta.api.methods.updates.GetUpdates.deserializeResponse(GetUpdates.java:86)
	at org.telegram.telegrambots.updatesreceivers.DefaultBotSession$ReaderThread.getUpdatesFromServer(DefaultBotSession.java:258)
	at org.telegram.telegrambots.updatesreceivers.DefaultBotSession$ReaderThread.run(DefaultBotSession.java:188)
2026-02-01 00:35:30 [eccprayerbot Telegram Connection] ERROR o.t.t.u.DefaultBotSession - Error executing org.telegram.telegrambots.meta.api.methods.updates.GetUpdates query: [409] Conflict: terminated by other getUpdates request; make sure that only one bot instance is running
org.telegram.telegrambots.meta.exceptions.TelegramApiRequestException: Error executing org.telegram.telegrambots.meta.api.methods.updates.GetUpdates query: [409] Conflict: terminated by other getUpdates request; make sure that only one bot instance is running
	at org.telegram.telegrambots.meta.api.methods.PartialBotApiMethod.deserializeResponseInternal(PartialBotApiMethod.java:54)
	at org.telegram.telegrambots.meta.api.methods.PartialBotApiMethod.deserializeResponseArray(PartialBotApiMethod.java:39)
	at org.telegram.telegrambots.meta.api.methods.updates.GetUpdates.deserializeResponse(GetUpdates.java:86)
	at org.telegram.telegrambots.updatesreceivers.DefaultBotSession$ReaderThread.getUpdatesFromServer(DefaultBotSession.java:258)
	at org.telegram.telegrambots.updatesreceivers.DefaultBotSession$ReaderThread.run(DefaultBotSession.java:188)
2026-02-01 00:35:34 [eccprayerbot Telegram Connection] ERROR o.t.t.u.DefaultBotSession - Error executing org.telegram.telegrambots.meta.api.methods.updates.GetUpdates query: [409] Conflict: terminated by other getUpdates request; make sure that only one bot instance is running
org.telegram.telegrambots.meta.exceptions.TelegramApiRequestException: Error executing org.telegram.telegrambots.meta.api.methods.updates.GetUpdates query: [409] Conflict: terminated by other getUpdates request; make sure that only one bot instance is running
	at org.telegram.telegrambots.meta.api.methods.PartialBotApiMethod.deserializeResponseInternal(PartialBotApiMethod.java:54)
	at org.telegram.telegrambots.meta.api.methods.PartialBotApiMethod.deserializeResponseArray(PartialBotApiMethod.java:39)
	at org.telegram.telegrambots.meta.api.methods.updates.GetUpdates.deserializeResponse(GetUpdates.java:86)
	at org.telegram.telegrambots.updatesreceivers.DefaultBotSession$ReaderThread.getUpdatesFromServer(DefaultBotSession.java:258)
	at org.telegram.telegrambots.updatesreceivers.DefaultBotSession$ReaderThread.run(DefaultBotSession.java:188)
2026-02-01 00:35:39 [eccprayerbot Telegram Connection] ERROR o.t.t.u.DefaultBotSession - Error executing org.telegram.telegrambots.meta.api.methods.updates.GetUpdates query: [409] Conflict: terminated by other getUpdates request; make sure that only one bot instance is running
org.telegram.telegrambots.meta.exceptions.TelegramApiRequestException: Error executing org.telegram.telegrambots.meta.api.methods.updates.GetUpdates query: [409] Conflict: terminated by other getUpdates request; make sure that only one bot instance is running
	at org.telegram.telegrambots.meta.api.methods.PartialBotApiMethod.deserializeResponseInternal(PartialBotApiMethod.java:54)
	at org.telegram.telegrambots.meta.api.methods.PartialBotApiMethod.deserializeResponseArray(PartialBotApiMethod.java:39)
	at org.telegram.telegrambots.meta.api.methods.updates.GetUpdates.deserializeResponse(GetUpdates.java:86)
	at org.telegram.telegrambots.updatesreceivers.DefaultBotSession$ReaderThread.getUpdatesFromServer(DefaultBotSession.java:258)
	at org.telegram.telegrambots.updatesreceivers.DefaultBotSession$ReaderThread.run(DefaultBotSession.java:188)
2026-02-01 00:35:43 [eccprayerbot Telegram Connection] ERROR o.t.t.u.DefaultBotSession - Error executing org.telegram.telegrambots.meta.api.methods.updates.GetUpdates query: [409] Conflict: terminated by other getUpdates request; make sure that only one bot instance is running
org.telegram.telegrambots.meta.exceptions.TelegramApiRequestException: Error executing org.telegram.telegrambots.meta.api.methods.updates.GetUpdates query: [409] Conflict: terminated by other getUpdates request; make sure that only one bot instance is running
	at org.telegram.telegrambots.meta.api.methods.PartialBotApiMethod.deserializeResponseInternal(PartialBotApiMethod.java:54)
	at org.telegram.telegrambots.meta.api.methods.PartialBotApiMethod.deserializeResponseArray(PartialBotApiMethod.java:39)
	at org.telegram.telegrambots.meta.api.methods.updates.GetUpdates.deserializeResponse(GetUpdates.java:86)
	at org.telegram.telegrambots.updatesreceivers.DefaultBotSession$ReaderThread.getUpdatesFromServer(DefaultBotSession.java:258)
	at org.telegram.telegrambots.updatesreceivers.DefaultBotSession$ReaderThread.run(DefaultBotSession.java:188)
2026-02-01 00:35:47 [eccprayerbot Telegram Connection] ERROR o.t.t.u.DefaultBotSession - Error executing org.telegram.telegrambots.meta.api.methods.updates.GetUpdates query: [409] Conflict: terminated by other getUpdates request; make sure that only one bot instance is running
org.telegram.telegrambots.meta.exceptions.TelegramApiRequestException: Error executing org.telegram.telegrambots.meta.api.methods.updates.GetUpdates query: [409] Conflict: terminated by other getUpdates request; make sure that only one bot instance is running
	at org.telegram.telegrambots.meta.api.methods.PartialBotApiMethod.deserializeResponseInternal(PartialBotApiMethod.java:54)
	at org.telegram.telegrambots.meta.api.methods.PartialBotApiMethod.deserializeResponseArray(PartialBotApiMethod.java:39)
	at org.telegram.telegrambots.meta.api.methods.updates.GetUpdates.deserializeResponse(GetUpdates.java:86)
	at org.telegram.telegrambots.updatesreceivers.DefaultBotSession$ReaderThread.getUpdatesFromServer(DefaultBotSession.java:258)
	at org.telegram.telegrambots.updatesreceivers.DefaultBotSession$ReaderThread.run(DefaultBotSession.java:188)
2026-02-01 00:35:52 [eccprayerbot Telegram Connection] ERROR o.t.t.u.DefaultBotSession - Error executing org.telegram.telegrambots.meta.api.methods.updates.GetUpdates query: [409] Conflict: terminated by other getUpdates request; make sure that only one bot instance is running
org.telegram.telegrambots.meta.exceptions.TelegramApiRequestException: Error executing org.telegram.telegrambots.meta.api.methods.updates.GetUpdates query: [409] Conflict: terminated by other getUpdates request; make sure that only one bot instance is running
	at org.telegram.telegrambots.meta.api.methods.PartialBotApiMethod.deserializeResponseInternal(PartialBotApiMethod.java:54)
	at org.telegram.telegrambots.meta.api.methods.PartialBotApiMethod.deserializeResponseArray(PartialBotApiMethod.java:39)
	at org.telegram.telegrambots.meta.api.methods.updates.GetUpdates.deserializeResponse(GetUpdates.java:86)
	at org.telegram.telegrambots.updatesreceivers.DefaultBotSession$ReaderThread.getUpdatesFromServer(DefaultBotSession.java:258)
	at org.telegram.telegrambots.updatesreceivers.DefaultBotSession$ReaderThread.run(DefaultBotSession.java:188)
2026-02-01 00:35:56 [eccprayerbot Telegram Connection] ERROR o.t.t.u.DefaultBotSession - Error executing org.telegram.telegrambots.meta.api.methods.updates.GetUpdates query: [409] Conflict: terminated by other getUpdates request; make sure that only one bot instance is running
org.telegram.telegrambots.meta.exceptions.TelegramApiRequestException: Error executing org.telegram.telegrambots.meta.api.methods.updates.GetUpdates query: [409] Conflict: terminated by other getUpdates request; make sure that only one bot instance is running
	at org.telegram.telegrambots.meta.api.methods.PartialBotApiMethod.deserializeResponseInternal(PartialBotApiMethod.java:54)
	at org.telegram.telegrambots.meta.api.methods.PartialBotApiMethod.deserializeResponseArray(PartialBotApiMethod.java:39)
	at org.telegram.telegrambots.meta.api.methods.updates.GetUpdates.deserializeResponse(GetUpdates.java:86)
	at org.telegram.telegrambots.updatesreceivers.DefaultBotSession$ReaderThread.getUpdatesFromServer(DefaultBotSession.java:258)
	at org.telegram.telegrambots.updatesreceivers.DefaultBotSession$ReaderThread.run(DefaultBotSession.java:188)
2026-02-01 00:36:00 [eccprayerbot Telegram Connection] ERROR o.t.t.u.DefaultBotSession - Error executing org.telegram.telegrambots.meta.api.methods.updates.GetUpdates query: [409] Conflict: terminated by other getUpdates request; make sure that only one bot instance is running
org.telegram.telegrambots.meta.exceptions.TelegramApiRequestException: Error executing org.telegram.telegrambots.meta.api.methods.updates.GetUpdates query: [409] Conflict: terminated by other getUpdates request; make sure that only one bot instance is running
	at org.telegram.telegrambots.meta.api.methods.PartialBotApiMethod.deserializeResponseInternal(PartialBotApiMethod.java:54)
	at org.telegram.telegrambots.meta.api.methods.PartialBotApiMethod.deserializeResponseArray(PartialBotApiMethod.java:39)
	at org.telegram.telegrambots.meta.api.methods.updates.GetUpdates.deserializeResponse(GetUpdates.java:86)
	at org.telegram.telegrambots.updatesreceivers.DefaultBotSession$ReaderThread.getUpdatesFromServer(DefaultBotSession.java:258)
	at org.telegram.telegrambots.updatesreceivers.DefaultBotSession$ReaderThread.run(DefaultBotSession.java:188)
2026-02-01 00:36:05 [eccprayerbot Telegram Connection] ERROR o.t.t.u.DefaultBotSession - Error executing org.telegram.telegrambots.meta.api.methods.updates.GetUpdates query: [409] Conflict: terminated by other getUpdates request; make sure that only one bot instance is running
org.telegram.telegrambots.meta.exceptions.TelegramApiRequestException: Error executing org.telegram.telegrambots.meta.api.methods.updates.GetUpdates query: [409] Conflict: terminated by other getUpdates request; make sure that only one bot instance is running
	at org.telegram.telegrambots.meta.api.methods.PartialBotApiMethod.deserializeResponseInternal(PartialBotApiMethod.java:54)
	at org.telegram.telegrambots.meta.api.methods.PartialBotApiMethod.deserializeResponseArray(PartialBotApiMethod.java:39)
	at org.telegram.telegrambots.meta.api.methods.updates.GetUpdates.deserializeResponse(GetUpdates.java:86)
	at org.telegram.telegrambots.updatesreceivers.DefaultBotSession$ReaderThread.getUpdatesFromServer(DefaultBotSession.java:258)
	at org.telegram.telegrambots.updatesreceivers.DefaultBotSession$ReaderThread.run(DefaultBotSession.java:188)
2026-02-01 00:36:09 [eccprayerbot Telegram Connection] ERROR o.t.t.u.DefaultBotSession - Error executing org.telegram.telegrambots.meta.api.methods.updates.GetUpdates query: [409] Conflict: terminated by other getUpdates request; make sure that only one bot instance is running
org.telegram.telegrambots.meta.exceptions.TelegramApiRequestException: Error executing org.telegram.telegrambots.meta.api.methods.updates.GetUpdates query: [409] Conflict: terminated by other getUpdates request; make sure that only one bot instance is running
	at org.telegram.telegrambots.meta.api.methods.PartialBotApiMethod.deserializeResponseInternal(PartialBotApiMethod.java:54)
	at org.telegram.telegrambots.meta.api.methods.PartialBotApiMethod.deserializeResponseArray(PartialBotApiMethod.java:39)
	at org.telegram.telegrambots.meta.api.methods.updates.GetUpdates.deserializeResponse(GetUpdates.java:86)
	at org.telegram.telegrambots.updatesreceivers.DefaultBotSession$ReaderThread.getUpdatesFromServer(DefaultBotSession.java:258)
	at org.telegram.telegrambots.updatesreceivers.DefaultBotSession$ReaderThread.run(DefaultBotSession.java:188)
2026-02-01 00:36:13 [eccprayerbot Telegram Connection] ERROR o.t.t.u.DefaultBotSession - Error executing org.telegram.telegrambots.meta.api.methods.updates.GetUpdates query: [409] Conflict: terminated by other getUpdates request; make sure that only one bot instance is running
org.telegram.telegrambots.meta.exceptions.TelegramApiRequestException: Error executing org.telegram.telegrambots.meta.api.methods.updates.GetUpdates query: [409] Conflict: terminated by other getUpdates request; make sure that only one bot instance is running
	at org.telegram.telegrambots.meta.api.methods.PartialBotApiMethod.deserializeResponseInternal(PartialBotApiMethod.java:54)
	at org.telegram.telegrambots.meta.api.methods.PartialBotApiMethod.deserializeResponseArray(PartialBotApiMethod.java:39)
	at org.telegram.telegrambots.meta.api.methods.updates.GetUpdates.deserializeResponse(GetUpdates.java:86)
	at org.telegram.telegrambots.updatesreceivers.DefaultBotSession$ReaderThread.getUpdatesFromServer(DefaultBotSession.java:258)
	at org.telegram.telegrambots.updatesreceivers.DefaultBotSession$ReaderThread.run(DefaultBotSession.java:188)
2026-02-01 00:36:18 [eccprayerbot Telegram Connection] ERROR o.t.t.u.DefaultBotSession - Error executing org.telegram.telegrambots.meta.api.methods.updates.GetUpdates query: [409] Conflict: terminated by other getUpdates request; make sure that only one bot instance is running
org.telegram.telegrambots.meta.exceptions.TelegramApiRequestException: Error executing org.telegram.telegrambots.meta.api.methods.updates.GetUpdates query: [409] Conflict: terminated by other getUpdates request; make sure that only one bot instance is running
	at org.telegram.telegrambots.meta.api.methods.PartialBotApiMethod.deserializeResponseInternal(PartialBotApiMethod.java:54)
	at org.telegram.telegrambots.meta.api.methods.PartialBotApiMethod.deserializeResponseArray(PartialBotApiMethod.java:39)
	at org.telegram.telegrambots.meta.api.methods.updates.GetUpdates.deserializeResponse(GetUpdates.java:86)
	at org.telegram.telegrambots.updatesreceivers.DefaultBotSession$ReaderThread.getUpdatesFromServer(DefaultBotSession.java:258)
	at org.telegram.telegrambots.updatesreceivers.DefaultBotSession$ReaderThread.run(DefaultBotSession.java:188)
2026-02-01 00:36:22 [eccprayerbot Telegram Connection] ERROR o.t.t.u.DefaultBotSession - Error executing org.telegram.telegrambots.meta.api.methods.updates.GetUpdates query: [409] Conflict: terminated by other getUpdates request; make sure that only one bot instance is running
org.telegram.telegrambots.meta.exceptions.TelegramApiRequestException: Error executing org.telegram.telegrambots.meta.api.methods.updates.GetUpdates query: [409] Conflict: terminated by other getUpdates request; make sure that only one bot instance is running
	at org.telegram.telegrambots.meta.api.methods.PartialBotApiMethod.deserializeResponseInternal(PartialBotApiMethod.java:54)
	at org.telegram.telegrambots.meta.api.methods.PartialBotApiMethod.deserializeResponseArray(PartialBotApiMethod.java:39)
	at org.telegram.telegrambots.meta.api.methods.updates.GetUpdates.deserializeResponse(GetUpdates.java:86)
	at org.telegram.telegrambots.updatesreceivers.DefaultBotSession$ReaderThread.getUpdatesFromServer(DefaultBotSession.java:258)
	at org.telegram.telegrambots.updatesreceivers.DefaultBotSession$ReaderThread.run(DefaultBotSession.java:188)
2026-02-01 00:36:27 [eccprayerbot Telegram Connection] ERROR o.t.t.u.DefaultBotSession - Error executing org.telegram.telegrambots.meta.api.methods.updates.GetUpdates query: [409] Conflict: terminated by other getUpdates request; make sure that only one bot instance is running
org.telegram.telegrambots.meta.exceptions.TelegramApiRequestException: Error executing org.telegram.telegrambots.meta.api.methods.updates.GetUpdates query: [409] Conflict: terminated by other getUpdates request; make sure that only one bot instance is running
	at org.telegram.telegrambots.meta.api.methods.PartialBotApiMethod.deserializeResponseInternal(PartialBotApiMethod.java:54)
	at org.telegram.telegrambots.meta.api.methods.PartialBotApiMethod.deserializeResponseArray(PartialBotApiMethod.java:39)
	at org.telegram.telegrambots.meta.api.methods.updates.GetUpdates.deserializeResponse(GetUpdates.java:86)
	at org.telegram.telegrambots.updatesreceivers.DefaultBotSession$ReaderThread.getUpdatesFromServer(DefaultBotSession.java:258)
	at org.telegram.telegrambots.updatesreceivers.DefaultBotSession$ReaderThread.run(DefaultBotSession.java:188)
2026-02-01 00:36:31 [eccprayerbot Telegram Connection] ERROR o.t.t.u.DefaultBotSession - Error executing org.telegram.telegrambots.meta.api.methods.updates.GetUpdates query: [409] Conflict: terminated by other getUpdates request; make sure that only one bot instance is running
org.telegram.telegrambots.meta.exceptions.TelegramApiRequestException: Error executing org.telegram.telegrambots.meta.api.methods.updates.GetUpdates query: [409] Conflict: terminated by other getUpdates request; make sure that only one bot instance is running
	at org.telegram.telegrambots.meta.api.methods.PartialBotApiMethod.deserializeResponseInternal(PartialBotApiMethod.java:54)
	at org.telegram.telegrambots.meta.api.methods.PartialBotApiMethod.deserializeResponseArray(PartialBotApiMethod.java:39)
	at org.telegram.telegrambots.meta.api.methods.updates.GetUpdates.deserializeResponse(GetUpdates.java:86)
	at org.telegram.telegrambots.updatesreceivers.DefaultBotSession$ReaderThread.getUpdatesFromServer(DefaultBotSession.java:258)
	at org.telegram.telegrambots.updatesreceivers.DefaultBotSession$ReaderThread.run(DefaultBotSession.java:188)
2026-02-01 00:36:35 [eccprayerbot Telegram Connection] ERROR o.t.t.u.DefaultBotSession - Error executing org.telegram.telegrambots.meta.api.methods.updates.GetUpdates query: [409] Conflict: terminated by other getUpdates request; make sure that only one bot instance is running
org.telegram.telegrambots.meta.exceptions.TelegramApiRequestException: Error executing org.telegram.telegrambots.meta.api.methods.updates.GetUpdates query: [409] Conflict: terminated by other getUpdates request; make sure that only one bot instance is running
	at org.telegram.telegrambots.meta.api.methods.PartialBotApiMethod.deserializeResponseInternal(PartialBotApiMethod.java:54)
	at org.telegram.telegrambots.meta.api.methods.PartialBotApiMethod.deserializeResponseArray(PartialBotApiMethod.java:39)
	at org.telegram.telegrambots.meta.api.methods.updates.GetUpdates.deserializeResponse(GetUpdates.java:86)
	at org.telegram.telegrambots.updatesreceivers.DefaultBotSession$ReaderThread.getUpdatesFromServer(DefaultBotSession.java:258)
	at org.telegram.telegrambots.updatesreceivers.DefaultBotSession$ReaderThread.run(DefaultBotSession.java:188)
2026-02-01 00:36:40 [eccprayerbot Telegram Connection] ERROR o.t.t.u.DefaultBotSession - Error executing org.telegram.telegrambots.meta.api.methods.updates.GetUpdates query: [409] Conflict: terminated by other getUpdates request; make sure that only one bot instance is running
org.telegram.telegrambots.meta.exceptions.TelegramApiRequestException: Error executing org.telegram.telegrambots.meta.api.methods.updates.GetUpdates query: [409] Conflict: terminated by other getUpdates request; make sure that only one bot instance is running
	at org.telegram.telegrambots.meta.api.methods.PartialBotApiMethod.deserializeResponseInternal(PartialBotApiMethod.java:54)
	at org.telegram.telegrambots.meta.api.methods.PartialBotApiMethod.deserializeResponseArray(PartialBotApiMethod.java:39)
	at org.telegram.telegrambots.meta.api.methods.updates.GetUpdates.deserializeResponse(GetUpdates.java:86)
	at org.telegram.telegrambots.updatesreceivers.DefaultBotSession$ReaderThread.getUpdatesFromServer(DefaultBotSession.java:258)
	at org.telegram.telegrambots.updatesreceivers.DefaultBotSession$ReaderThread.run(DefaultBotSession.java:188)
2026-02-01 00:36:44 [eccprayerbot Telegram Connection] ERROR o.t.t.u.DefaultBotSession - Error executing org.telegram.telegrambots.meta.api.methods.updates.GetUpdates query: [409] Conflict: terminated by other getUpdates request; make sure that only one bot instance is running
org.telegram.telegrambots.meta.exceptions.TelegramApiRequestException: Error executing org.telegram.telegrambots.meta.api.methods.updates.GetUpdates query: [409] Conflict: terminated by other getUpdates request; make sure that only one bot instance is running
	at org.telegram.telegrambots.meta.api.methods.PartialBotApiMethod.deserializeResponseInternal(PartialBotApiMethod.java:54)
	at org.telegram.telegrambots.meta.api.methods.PartialBotApiMethod.deserializeResponseArray(PartialBotApiMethod.java:39)
	at org.telegram.telegrambots.meta.api.methods.updates.GetUpdates.deserializeResponse(GetUpdates.java:86)
	at org.telegram.telegrambots.updatesreceivers.DefaultBotSession$ReaderThread.getUpdatesFromServer(DefaultBotSession.java:258)
	at org.telegram.telegrambots.updatesreceivers.DefaultBotSession$ReaderThread.run(DefaultBotSession.java:188)
2026-02-01 00:36:49 [eccprayerbot Telegram Connection] ERROR o.t.t.u.DefaultBotSession - Error executing org.telegram.telegrambots.meta.api.methods.updates.GetUpdates query: [409] Conflict: terminated by other getUpdates request; make sure that only one bot instance is running
org.telegram.telegrambots.meta.exceptions.TelegramApiRequestException: Error executing org.telegram.telegrambots.meta.api.methods.updates.GetUpdates query: [409] Conflict: terminated by other getUpdates request; make sure that only one bot instance is running
	at org.telegram.telegrambots.meta.api.methods.PartialBotApiMethod.deserializeResponseInternal(PartialBotApiMethod.java:54)
	at org.telegram.telegrambots.meta.api.methods.PartialBotApiMethod.deserializeResponseArray(PartialBotApiMethod.java:39)
	at org.telegram.telegrambots.meta.api.methods.updates.GetUpdates.deserializeResponse(GetUpdates.java:86)
	at org.telegram.telegrambots.updatesreceivers.DefaultBotSession$ReaderThread.getUpdatesFromServer(DefaultBotSession.java:258)
	at org.telegram.telegrambots.updatesreceivers.DefaultBotSession$ReaderThread.run(DefaultBotSession.java:188)
2026-02-01 00:36:53 [eccprayerbot Telegram Connection] ERROR o.t.t.u.DefaultBotSession - Error executing org.telegram.telegrambots.meta.api.methods.updates.GetUpdates query: [409] Conflict: terminated by other getUpdates request; make sure that only one bot instance is running
org.telegram.telegrambots.meta.exceptions.TelegramApiRequestException: Error executing org.telegram.telegrambots.meta.api.methods.updates.GetUpdates query: [409] Conflict: terminated by other getUpdates request; make sure that only one bot instance is running
	at org.telegram.telegrambots.meta.api.methods.PartialBotApiMethod.deserializeResponseInternal(PartialBotApiMethod.java:54)
	at org.telegram.telegrambots.meta.api.methods.PartialBotApiMethod.deserializeResponseArray(PartialBotApiMethod.java:39)
	at org.telegram.telegrambots.meta.api.methods.updates.GetUpdates.deserializeResponse(GetUpdates.java:86)
	at org.telegram.telegrambots.updatesreceivers.DefaultBotSession$ReaderThread.getUpdatesFromServer(DefaultBotSession.java:258)
	at org.telegram.telegrambots.updatesreceivers.DefaultBotSession$ReaderThread.run(DefaultBotSession.java:188)
2026-02-01 00:36:57 [eccprayerbot Telegram Connection] ERROR o.t.t.u.DefaultBotSession - Error executing org.telegram.telegrambots.meta.api.methods.updates.GetUpdates query: [409] Conflict: terminated by other getUpdates request; make sure that only one bot instance is running
org.telegram.telegrambots.meta.exceptions.TelegramApiRequestException: Error executing org.telegram.telegrambots.meta.api.methods.updates.GetUpdates query: [409] Conflict: terminated by other getUpdates request; make sure that only one bot instance is running
	at org.telegram.telegrambots.meta.api.methods.PartialBotApiMethod.deserializeResponseInternal(PartialBotApiMethod.java:54)
	at org.telegram.telegrambots.meta.api.methods.PartialBotApiMethod.deserializeResponseArray(PartialBotApiMethod.java:39)
	at org.telegram.telegrambots.meta.api.methods.updates.GetUpdates.deserializeResponse(GetUpdates.java:86)
	at org.telegram.telegrambots.updatesreceivers.DefaultBotSession$ReaderThread.getUpdatesFromServer(DefaultBotSession.java:258)
	at org.telegram.telegrambots.updatesreceivers.DefaultBotSession$ReaderThread.run(DefaultBotSession.java:188)
2026-02-01 00:37:02 [eccprayerbot Telegram Connection] ERROR o.t.t.u.DefaultBotSession - Error executing org.telegram.telegrambots.meta.api.methods.updates.GetUpdates query: [409] Conflict: terminated by other getUpdates request; make sure that only one bot instance is running
org.telegram.telegrambots.meta.exceptions.TelegramApiRequestException: Error executing org.telegram.telegrambots.meta.api.methods.updates.GetUpdates query: [409] Conflict: terminated by other getUpdates request; make sure that only one bot instance is running
	at org.telegram.telegrambots.meta.api.methods.PartialBotApiMethod.deserializeResponseInternal(PartialBotApiMethod.java:54)
	at org.telegram.telegrambots.meta.api.methods.PartialBotApiMethod.deserializeResponseArray(PartialBotApiMethod.java:39)
	at org.telegram.telegrambots.meta.api.methods.updates.GetUpdates.deserializeResponse(GetUpdates.java:86)
	at org.telegram.telegrambots.updatesreceivers.DefaultBotSession$ReaderThread.getUpdatesFromServer(DefaultBotSession.java:258)
	at org.telegram.telegrambots.updatesreceivers.DefaultBotSession$ReaderThread.run(DefaultBotSession.java:188)
2026-02-01 00:37:06 [eccprayerbot Telegram Connection] ERROR o.t.t.u.DefaultBotSession - Error executing org.telegram.telegrambots.meta.api.methods.updates.GetUpdates query: [409] Conflict: terminated by other getUpdates request; make sure that only one bot instance is running
org.telegram.telegrambots.meta.exceptions.TelegramApiRequestException: Error executing org.telegram.telegrambots.meta.api.methods.updates.GetUpdates query: [409] Conflict: terminated by other getUpdates request; make sure that only one bot instance is running
	at org.telegram.telegrambots.meta.api.methods.PartialBotApiMethod.deserializeResponseInternal(PartialBotApiMethod.java:54)
	at org.telegram.telegrambots.meta.api.methods.PartialBotApiMethod.deserializeResponseArray(PartialBotApiMethod.java:39)
	at org.telegram.telegrambots.meta.api.methods.updates.GetUpdates.deserializeResponse(GetUpdates.java:86)
	at org.telegram.telegrambots.updatesreceivers.DefaultBotSession$ReaderThread.getUpdatesFromServer(DefaultBotSession.java:258)
	at org.telegram.telegrambots.updatesreceivers.DefaultBotSession$ReaderThread.run(DefaultBotSession.java:188)
2026-02-01 00:37:10 [eccprayerbot Telegram Connection] ERROR o.t.t.u.DefaultBotSession - Error executing org.telegram.telegrambots.meta.api.methods.updates.GetUpdates query: [409] Conflict: terminated by other getUpdates request; make sure that only one bot instance is running
org.telegram.telegrambots.meta.exceptions.TelegramApiRequestException: Error executing org.telegram.telegrambots.meta.api.methods.updates.GetUpdates query: [409] Conflict: terminated by other getUpdates request; make sure that only one bot instance is running
	at org.telegram.telegrambots.meta.api.methods.PartialBotApiMethod.deserializeResponseInternal(PartialBotApiMethod.java:54)
	at org.telegram.telegrambots.meta.api.methods.PartialBotApiMethod.deserializeResponseArray(PartialBotApiMethod.java:39)
	at org.telegram.telegrambots.meta.api.methods.updates.GetUpdates.deserializeResponse(GetUpdates.java:86)
	at org.telegram.telegrambots.updatesreceivers.DefaultBotSession$ReaderThread.getUpdatesFromServer(DefaultBotSession.java:258)
	at org.telegram.telegrambots.updatesreceivers.DefaultBotSession$ReaderThread.run(DefaultBotSession.java:188)
2026-02-01 00:37:15 [eccprayerbot Telegram Connection] ERROR o.t.t.u.DefaultBotSession - Error executing org.telegram.telegrambots.meta.api.methods.updates.GetUpdates query: [409] Conflict: terminated by other getUpdates request; make sure that only one bot instance is running
org.telegram.telegrambots.meta.exceptions.TelegramApiRequestException: Error executing org.telegram.telegrambots.meta.api.methods.updates.GetUpdates query: [409] Conflict: terminated by other getUpdates request; make sure that only one bot instance is running
	at org.telegram.telegrambots.meta.api.methods.PartialBotApiMethod.deserializeResponseInternal(PartialBotApiMethod.java:54)
	at org.telegram.telegrambots.meta.api.methods.PartialBotApiMethod.deserializeResponseArray(PartialBotApiMethod.java:39)
	at org.telegram.telegrambots.meta.api.methods.updates.GetUpdates.deserializeResponse(GetUpdates.java:86)
	at org.telegram.telegrambots.updatesreceivers.DefaultBotSession$ReaderThread.getUpdatesFromServer(DefaultBotSession.java:258)
	at org.telegram.telegrambots.updatesreceivers.DefaultBotSession$ReaderThread.run(DefaultBotSession.java:188)
2026-02-01 00:37:19 [eccprayerbot Telegram Connection] ERROR o.t.t.u.DefaultBotSession - Error executing org.telegram.telegrambots.meta.api.methods.updates.GetUpdates query: [409] Conflict: terminated by other getUpdates request; make sure that only one bot instance is running
org.telegram.telegrambots.meta.exceptions.TelegramApiRequestException: Error executing org.telegram.telegrambots.meta.api.methods.updates.GetUpdates query: [409] Conflict: terminated by other getUpdates request; make sure that only one bot instance is running
	at org.telegram.telegrambots.meta.api.methods.PartialBotApiMethod.deserializeResponseInternal(PartialBotApiMethod.java:54)
	at org.telegram.telegrambots.meta.api.methods.PartialBotApiMethod.deserializeResponseArray(PartialBotApiMethod.java:39)
	at org.telegram.telegrambots.meta.api.methods.updates.GetUpdates.deserializeResponse(GetUpdates.java:86)
	at org.telegram.telegrambots.updatesreceivers.DefaultBotSession$ReaderThread.getUpdatesFromServer(DefaultBotSession.java:258)
	at org.telegram.telegrambots.updatesreceivers.DefaultBotSession$ReaderThread.run(DefaultBotSession.java:188)
2026-02-01 00:37:23 [eccprayerbot Telegram Connection] ERROR o.t.t.u.DefaultBotSession - Error executing org.telegram.telegrambots.meta.api.methods.updates.GetUpdates query: [409] Conflict: terminated by other getUpdates request; make sure that only one bot instance is running
org.telegram.telegrambots.meta.exceptions.TelegramApiRequestException: Error executing org.telegram.telegrambots.meta.api.methods.updates.GetUpdates query: [409] Conflict: terminated by other getUpdates request; make sure that only one bot instance is running
	at org.telegram.telegrambots.meta.api.methods.PartialBotApiMethod.deserializeResponseInternal(PartialBotApiMethod.java:54)
	at org.telegram.telegrambots.meta.api.methods.PartialBotApiMethod.deserializeResponseArray(PartialBotApiMethod.java:39)
	at org.telegram.telegrambots.meta.api.methods.updates.GetUpdates.deserializeResponse(GetUpdates.java:86)
	at org.telegram.telegrambots.updatesreceivers.DefaultBotSession$ReaderThread.getUpdatesFromServer(DefaultBotSession.java:258)
	at org.telegram.telegrambots.updatesreceivers.DefaultBotSession$ReaderThread.run(DefaultBotSession.java:188)
2026-02-01 00:37:28 [eccprayerbot Telegram Connection] ERROR o.t.t.u.DefaultBotSession - Error executing org.telegram.telegrambots.meta.api.methods.updates.GetUpdates query: [409] Conflict: terminated by other getUpdates request; make sure that only one bot instance is running
org.telegram.telegrambots.meta.exceptions.TelegramApiRequestException: Error executing org.telegram.telegrambots.meta.api.methods.updates.GetUpdates query: [409] Conflict: terminated by other getUpdates request; make sure that only one bot instance is running
	at org.telegram.telegrambots.meta.api.methods.PartialBotApiMethod.deserializeResponseInternal(PartialBotApiMethod.java:54)
	at org.telegram.telegrambots.meta.api.methods.PartialBotApiMethod.deserializeResponseArray(PartialBotApiMethod.java:39)
	at org.telegram.telegrambots.meta.api.methods.updates.GetUpdates.deserializeResponse(GetUpdates.java:86)
	at org.telegram.telegrambots.updatesreceivers.DefaultBotSession$ReaderThread.getUpdatesFromServer(DefaultBotSession.java:258)
	at org.telegram.telegrambots.updatesreceivers.DefaultBotSession$ReaderThread.run(DefaultBotSession.java:188)
2026-02-01 00:37:32 [eccprayerbot Telegram Connection] ERROR o.t.t.u.DefaultBotSession - Error executing org.telegram.telegrambots.meta.api.methods.updates.GetUpdates query: [409] Conflict: terminated by other getUpdates request; make sure that only one bot instance is running
org.telegram.telegrambots.meta.exceptions.TelegramApiRequestException: Error executing org.telegram.telegrambots.meta.api.methods.updates.GetUpdates query: [409] Conflict: terminated by other getUpdates request; make sure that only one bot instance is running
	at org.telegram.telegrambots.meta.api.methods.PartialBotApiMethod.deserializeResponseInternal(PartialBotApiMethod.java:54)
	at org.telegram.telegrambots.meta.api.methods.PartialBotApiMethod.deserializeResponseArray(PartialBotApiMethod.java:39)
	at org.telegram.telegrambots.meta.api.methods.updates.GetUpdates.deserializeResponse(GetUpdates.java:86)
	at org.telegram.telegrambots.updatesreceivers.DefaultBotSession$ReaderThread.getUpdatesFromServer(DefaultBotSession.java:258)
	at org.telegram.telegrambots.updatesreceivers.DefaultBotSession$ReaderThread.run(DefaultBotSession.java:188)
2026-02-01 00:37:36 [eccprayerbot Telegram Connection] ERROR o.t.t.u.DefaultBotSession - Error executing org.telegram.telegrambots.meta.api.methods.updates.GetUpdates query: [409] Conflict: terminated by other getUpdates request; make sure that only one bot instance is running
org.telegram.telegrambots.meta.exceptions.TelegramApiRequestException: Error executing org.telegram.telegrambots.meta.api.methods.updates.GetUpdates query: [409] Conflict: terminated by other getUpdates request; make sure that only one bot instance is running
	at org.telegram.telegrambots.meta.api.methods.PartialBotApiMethod.deserializeResponseInternal(PartialBotApiMethod.java:54)
	at org.telegram.telegrambots.meta.api.methods.PartialBotApiMethod.deserializeResponseArray(PartialBotApiMethod.java:39)
	at org.telegram.telegrambots.meta.api.methods.updates.GetUpdates.deserializeResponse(GetUpdates.java:86)
	at org.telegram.telegrambots.updatesreceivers.DefaultBotSession$ReaderThread.getUpdatesFromServer(DefaultBotSession.java:258)
	at org.telegram.telegrambots.updatesreceivers.DefaultBotSession$ReaderThread.run(DefaultBotSession.java:188)
2026-02-01 00:37:42 [eccprayerbot Telegram Connection] ERROR o.t.t.u.DefaultBotSession - Error executing org.telegram.telegrambots.meta.api.methods.updates.GetUpdates query: [409] Conflict: terminated by other getUpdates request; make sure that only one bot instance is running
org.telegram.telegrambots.meta.exceptions.TelegramApiRequestException: Error executing org.telegram.telegrambots.meta.api.methods.updates.GetUpdates query: [409] Conflict: terminated by other getUpdates request; make sure that only one bot instance is running
	at org.telegram.telegrambots.meta.api.methods.PartialBotApiMethod.deserializeResponseInternal(PartialBotApiMethod.java:54)
	at org.telegram.telegrambots.meta.api.methods.PartialBotApiMethod.deserializeResponseArray(PartialBotApiMethod.java:39)
	at org.telegram.telegrambots.meta.api.methods.updates.GetUpdates.deserializeResponse(GetUpdates.java:86)
	at org.telegram.telegrambots.updatesreceivers.DefaultBotSession$ReaderThread.getUpdatesFromServer(DefaultBotSession.java:258)
	at org.telegram.telegrambots.updatesreceivers.DefaultBotSession$ReaderThread.run(DefaultBotSession.java:188)
2026-02-01 00:37:47 [eccprayerbot Telegram Connection] ERROR o.t.t.u.DefaultBotSession - Error executing org.telegram.telegrambots.meta.api.methods.updates.GetUpdates query: [409] Conflict: terminated by other getUpdates request; make sure that only one bot instance is running
org.telegram.telegrambots.meta.exceptions.TelegramApiRequestException: Error executing org.telegram.telegrambots.meta.api.methods.updates.GetUpdates query: [409] Conflict: terminated by other getUpdates request; make sure that only one bot instance is running
	at org.telegram.telegrambots.meta.api.methods.PartialBotApiMethod.deserializeResponseInternal(PartialBotApiMethod.java:54)
	at org.telegram.telegrambots.meta.api.methods.PartialBotApiMethod.deserializeResponseArray(PartialBotApiMethod.java:39)
	at org.telegram.telegrambots.meta.api.methods.updates.GetUpdates.deserializeResponse(GetUpdates.java:86)
	at org.telegram.telegrambots.updatesreceivers.DefaultBotSession$ReaderThread.getUpdatesFromServer(DefaultBotSession.java:258)
	at org.telegram.telegrambots.updatesreceivers.DefaultBotSession$ReaderThread.run(DefaultBotSession.java:188)
2026-02-01 00:37:51 [eccprayerbot Telegram Connection] ERROR o.t.t.u.DefaultBotSession - Error executing org.telegram.telegrambots.meta.api.methods.updates.GetUpdates query: [409] Conflict: terminated by other getUpdates request; make sure that only one bot instance is running
org.telegram.telegrambots.meta.exceptions.TelegramApiRequestException: Error executing org.telegram.telegrambots.meta.api.methods.updates.GetUpdates query: [409] Conflict: terminated by other getUpdates request; make sure that only one bot instance is running
	at org.telegram.telegrambots.meta.api.methods.PartialBotApiMethod.deserializeResponseInternal(PartialBotApiMethod.java:54)
	at org.telegram.telegrambots.meta.api.methods.PartialBotApiMethod.deserializeResponseArray(PartialBotApiMethod.java:39)
	at org.telegram.telegrambots.meta.api.methods.updates.GetUpdates.deserializeResponse(GetUpdates.java:86)
	at org.telegram.telegrambots.updatesreceivers.DefaultBotSession$ReaderThread.getUpdatesFromServer(DefaultBotSession.java:258)
	at org.telegram.telegrambots.updatesreceivers.DefaultBotSession$ReaderThread.run(DefaultBotSession.java:188)
2026-02-01 00:37:55 [eccprayerbot Telegram Connection] ERROR o.t.t.u.DefaultBotSession - Error executing org.telegram.telegrambots.meta.api.methods.updates.GetUpdates query: [409] Conflict: terminated by other getUpdates request; make sure that only one bot instance is running
org.telegram.telegrambots.meta.exceptions.TelegramApiRequestException: Error executing org.telegram.telegrambots.meta.api.methods.updates.GetUpdates query: [409] Conflict: terminated by other getUpdates request; make sure that only one bot instance is running
	at org.telegram.telegrambots.meta.api.methods.PartialBotApiMethod.deserializeResponseInternal(PartialBotApiMethod.java:54)
	at org.telegram.telegrambots.meta.api.methods.PartialBotApiMethod.deserializeResponseArray(PartialBotApiMethod.java:39)
	at org.telegram.telegrambots.meta.api.methods.updates.GetUpdates.deserializeResponse(GetUpdates.java:86)
	at org.telegram.telegrambots.updatesreceivers.DefaultBotSession$ReaderThread.getUpdatesFromServer(DefaultBotSession.java:258)
	at org.telegram.telegrambots.updatesreceivers.DefaultBotSession$ReaderThread.run(DefaultBotSession.java:188)
2026-02-01 00:37:59 [eccprayerbot Telegram Connection] ERROR o.t.t.u.DefaultBotSession - Error executing org.telegram.telegrambots.meta.api.methods.updates.GetUpdates query: [409] Conflict: terminated by other getUpdates request; make sure that only one bot instance is running
org.telegram.telegrambots.meta.exceptions.TelegramApiRequestException: Error executing org.telegram.telegrambots.meta.api.methods.updates.GetUpdates query: [409] Conflict: terminated by other getUpdates request; make sure that only one bot instance is running
	at org.telegram.telegrambots.meta.api.methods.PartialBotApiMethod.deserializeResponseInternal(PartialBotApiMethod.java:54)
	at org.telegram.telegrambots.meta.api.methods.PartialBotApiMethod.deserializeResponseArray(PartialBotApiMethod.java:39)
	at org.telegram.telegrambots.meta.api.methods.updates.GetUpdates.deserializeResponse(GetUpdates.java:86)
	at org.telegram.telegrambots.updatesreceivers.DefaultBotSession$ReaderThread.getUpdatesFromServer(DefaultBotSession.java:258)
	at org.telegram.telegrambots.updatesreceivers.DefaultBotSession$ReaderThread.run(DefaultBotSession.java:188)
2026-02-01 00:38:04 [eccprayerbot Telegram Connection] ERROR o.t.t.u.DefaultBotSession - Error executing org.telegram.telegrambots.meta.api.methods.updates.GetUpdates query: [409] Conflict: terminated by other getUpdates request; make sure that only one bot instance is running
org.telegram.telegrambots.meta.exceptions.TelegramApiRequestException: Error executing org.telegram.telegrambots.meta.api.methods.updates.GetUpdates query: [409] Conflict: terminated by other getUpdates request; make sure that only one bot instance is running
	at org.telegram.telegrambots.meta.api.methods.PartialBotApiMethod.deserializeResponseInternal(PartialBotApiMethod.java:54)
	at org.telegram.telegrambots.meta.api.methods.PartialBotApiMethod.deserializeResponseArray(PartialBotApiMethod.java:39)
	at org.telegram.telegrambots.meta.api.methods.updates.GetUpdates.deserializeResponse(GetUpdates.java:86)
	at org.telegram.telegrambots.updatesreceivers.DefaultBotSession$ReaderThread.getUpdatesFromServer(DefaultBotSession.java:258)
	at org.telegram.telegrambots.updatesreceivers.DefaultBotSession$ReaderThread.run(DefaultBotSession.java:188)
2026-02-01 00:38:08 [eccprayerbot Telegram Connection] ERROR o.t.t.u.DefaultBotSession - Error executing org.telegram.telegrambots.meta.api.methods.updates.GetUpdates query: [409] Conflict: terminated by other getUpdates request; make sure that only one bot instance is running
org.telegram.telegrambots.meta.exceptions.TelegramApiRequestException: Error executing org.telegram.telegrambots.meta.api.methods.updates.GetUpdates query: [409] Conflict: terminated by other getUpdates request; make sure that only one bot instance is running
	at org.telegram.telegrambots.meta.api.methods.PartialBotApiMethod.deserializeResponseInternal(PartialBotApiMethod.java:54)
	at org.telegram.telegrambots.meta.api.methods.PartialBotApiMethod.deserializeResponseArray(PartialBotApiMethod.java:39)
	at org.telegram.telegrambots.meta.api.methods.updates.GetUpdates.deserializeResponse(GetUpdates.java:86)
	at org.telegram.telegrambots.updatesreceivers.DefaultBotSession$ReaderThread.getUpdatesFromServer(DefaultBotSession.java:258)
	at org.telegram.telegrambots.updatesreceivers.DefaultBotSession$ReaderThread.run(DefaultBotSession.java:188)
2026-02-01 00:38:12 [eccprayerbot Telegram Connection] ERROR o.t.t.u.DefaultBotSession - Error executing org.telegram.telegrambots.meta.api.methods.updates.GetUpdates query: [409] Conflict: terminated by other getUpdates request; make sure that only one bot instance is running
org.telegram.telegrambots.meta.exceptions.TelegramApiRequestException: Error executing org.telegram.telegrambots.meta.api.methods.updates.GetUpdates query: [409] Conflict: terminated by other getUpdates request; make sure that only one bot instance is running
	at org.telegram.telegrambots.meta.api.methods.PartialBotApiMethod.deserializeResponseInternal(PartialBotApiMethod.java:54)
	at org.telegram.telegrambots.meta.api.methods.PartialBotApiMethod.deserializeResponseArray(PartialBotApiMethod.java:39)
	at org.telegram.telegrambots.meta.api.methods.updates.GetUpdates.deserializeResponse(GetUpdates.java:86)
	at org.telegram.telegrambots.updatesreceivers.DefaultBotSession$ReaderThread.getUpdatesFromServer(DefaultBotSession.java:258)
	at org.telegram.telegrambots.updatesreceivers.DefaultBotSession$ReaderThread.run(DefaultBotSession.java:188)
2026-02-01 00:38:17 [eccprayerbot Telegram Connection] ERROR o.t.t.u.DefaultBotSession - Error executing org.telegram.telegrambots.meta.api.methods.updates.GetUpdates query: [409] Conflict: terminated by other getUpdates request; make sure that only one bot instance is running
org.telegram.telegrambots.meta.exceptions.TelegramApiRequestException: Error executing org.telegram.telegrambots.meta.api.methods.updates.GetUpdates query: [409] Conflict: terminated by other getUpdates request; make sure that only one bot instance is running
	at org.telegram.telegrambots.meta.api.methods.PartialBotApiMethod.deserializeResponseInternal(PartialBotApiMethod.java:54)
	at org.telegram.telegrambots.meta.api.methods.PartialBotApiMethod.deserializeResponseArray(PartialBotApiMethod.java:39)
	at org.telegram.telegrambots.meta.api.methods.updates.GetUpdates.deserializeResponse(GetUpdates.java:86)
	at org.telegram.telegrambots.updatesreceivers.DefaultBotSession$ReaderThread.getUpdatesFromServer(DefaultBotSession.java:258)
	at org.telegram.telegrambots.updatesreceivers.DefaultBotSession$ReaderThread.run(DefaultBotSession.java:188)
2026-02-01 00:38:21 [eccprayerbot Telegram Connection] ERROR o.t.t.u.DefaultBotSession - Error executing org.telegram.telegrambots.meta.api.methods.updates.GetUpdates query: [409] Conflict: terminated by other getUpdates request; make sure that only one bot instance is running
org.telegram.telegrambots.meta.exceptions.TelegramApiRequestException: Error executing org.telegram.telegrambots.meta.api.methods.updates.GetUpdates query: [409] Conflict: terminated by other getUpdates request; make sure that only one bot instance is running
	at org.telegram.telegrambots.meta.api.methods.PartialBotApiMethod.deserializeResponseInternal(PartialBotApiMethod.java:54)
	at org.telegram.telegrambots.meta.api.methods.PartialBotApiMethod.deserializeResponseArray(PartialBotApiMethod.java:39)
	at org.telegram.telegrambots.meta.api.methods.updates.GetUpdates.deserializeResponse(GetUpdates.java:86)
	at org.telegram.telegrambots.updatesreceivers.DefaultBotSession$ReaderThread.getUpdatesFromServer(DefaultBotSession.java:258)
	at org.telegram.telegrambots.updatesreceivers.DefaultBotSession$ReaderThread.run(DefaultBotSession.java:188)
2026-02-01 00:38:25 [eccprayerbot Telegram Connection] ERROR o.t.t.u.DefaultBotSession - Error executing org.telegram.telegrambots.meta.api.methods.updates.GetUpdates query: [409] Conflict: terminated by other getUpdates request; make sure that only one bot instance is running
org.telegram.telegrambots.meta.exceptions.TelegramApiRequestException: Error executing org.telegram.telegrambots.meta.api.methods.updates.GetUpdates query: [409] Conflict: terminated by other getUpdates request; make sure that only one bot instance is running
	at org.telegram.telegrambots.meta.api.methods.PartialBotApiMethod.deserializeResponseInternal(PartialBotApiMethod.java:54)
	at org.telegram.telegrambots.meta.api.methods.PartialBotApiMethod.deserializeResponseArray(PartialBotApiMethod.java:39)
	at org.telegram.telegrambots.meta.api.methods.updates.GetUpdates.deserializeResponse(GetUpdates.java:86)
	at org.telegram.telegrambots.updatesreceivers.DefaultBotSession$ReaderThread.getUpdatesFromServer(DefaultBotSession.java:258)
	at org.telegram.telegrambots.updatesreceivers.DefaultBotSession$ReaderThread.run(DefaultBotSession.java:188)
2026-02-01 00:38:29 [eccprayerbot Telegram Connection] ERROR o.t.t.u.DefaultBotSession - Error executing org.telegram.telegrambots.meta.api.methods.updates.GetUpdates query: [409] Conflict: terminated by other getUpdates request; make sure that only one bot instance is running
org.telegram.telegrambots.meta.exceptions.TelegramApiRequestException: Error executing org.telegram.telegrambots.meta.api.methods.updates.GetUpdates query: [409] Conflict: terminated by other getUpdates request; make sure that only one bot instance is running
	at org.telegram.telegrambots.meta.api.methods.PartialBotApiMethod.deserializeResponseInternal(PartialBotApiMethod.java:54)
	at org.telegram.telegrambots.meta.api.methods.PartialBotApiMethod.deserializeResponseArray(PartialBotApiMethod.java:39)
	at org.telegram.telegrambots.meta.api.methods.updates.GetUpdates.deserializeResponse(GetUpdates.java:86)
	at org.telegram.telegrambots.updatesreceivers.DefaultBotSession$ReaderThread.getUpdatesFromServer(DefaultBotSession.java:258)
	at org.telegram.telegrambots.updatesreceivers.DefaultBotSession$ReaderThread.run(DefaultBotSession.java:188)
2026-02-01 00:38:34 [eccprayerbot Telegram Connection] ERROR o.t.t.u.DefaultBotSession - Error executing org.telegram.telegrambots.meta.api.methods.updates.GetUpdates query: [409] Conflict: terminated by other getUpdates request; make sure that only one bot instance is running
org.telegram.telegrambots.meta.exceptions.TelegramApiRequestException: Error executing org.telegram.telegrambots.meta.api.methods.updates.GetUpdates query: [409] Conflict: terminated by other getUpdates request; make sure that only one bot instance is running
	at org.telegram.telegrambots.meta.api.methods.PartialBotApiMethod.deserializeResponseInternal(PartialBotApiMethod.java:54)
	at org.telegram.telegrambots.meta.api.methods.PartialBotApiMethod.deserializeResponseArray(PartialBotApiMethod.java:39)
	at org.telegram.telegrambots.meta.api.methods.updates.GetUpdates.deserializeResponse(GetUpdates.java:86)
	at org.telegram.telegrambots.updatesreceivers.DefaultBotSession$ReaderThread.getUpdatesFromServer(DefaultBotSession.java:258)
	at org.telegram.telegrambots.updatesreceivers.DefaultBotSession$ReaderThread.run(DefaultBotSession.java:188)
2026-02-01 00:38:38 [eccprayerbot Telegram Connection] ERROR o.t.t.u.DefaultBotSession - Error executing org.telegram.telegrambots.meta.api.methods.updates.GetUpdates query: [409] Conflict: terminated by other getUpdates request; make sure that only one bot instance is running
org.telegram.telegrambots.meta.exceptions.TelegramApiRequestException: Error executing org.telegram.telegrambots.meta.api.methods.updates.GetUpdates query: [409] Conflict: terminated by other getUpdates request; make sure that only one bot instance is running
	at org.telegram.telegrambots.meta.api.methods.PartialBotApiMethod.deserializeResponseInternal(PartialBotApiMethod.java:54)
	at org.telegram.telegrambots.meta.api.methods.PartialBotApiMethod.deserializeResponseArray(PartialBotApiMethod.java:39)
	at org.telegram.telegrambots.meta.api.methods.updates.GetUpdates.deserializeResponse(GetUpdates.java:86)
	at org.telegram.telegrambots.updatesreceivers.DefaultBotSession$ReaderThread.getUpdatesFromServer(DefaultBotSession.java:258)
	at org.telegram.telegrambots.updatesreceivers.DefaultBotSession$ReaderThread.run(DefaultBotSession.java:188)
2026-02-01 00:38:42 [eccprayerbot Telegram Connection] ERROR o.t.t.u.DefaultBotSession - Error executing org.telegram.telegrambots.meta.api.methods.updates.GetUpdates query: [409] Conflict: terminated by other getUpdates request; make sure that only one bot instance is running
org.telegram.telegrambots.meta.exceptions.TelegramApiRequestException: Error executing org.telegram.telegrambots.meta.api.methods.updates.GetUpdates query: [409] Conflict: terminated by other getUpdates request; make sure that only one bot instance is running
	at org.telegram.telegrambots.meta.api.methods.PartialBotApiMethod.deserializeResponseInternal(PartialBotApiMethod.java:54)
	at org.telegram.telegrambots.meta.api.methods.PartialBotApiMethod.deserializeResponseArray(PartialBotApiMethod.java:39)
	at org.telegram.telegrambots.meta.api.methods.updates.GetUpdates.deserializeResponse(GetUpdates.java:86)
	at org.telegram.telegrambots.updatesreceivers.DefaultBotSession$ReaderThread.getUpdatesFromServer(DefaultBotSession.java:258)
	at org.telegram.telegrambots.updatesreceivers.DefaultBotSession$ReaderThread.run(DefaultBotSession.java:188)
2026-02-01 00:38:47 [eccprayerbot Telegram Connection] ERROR o.t.t.u.DefaultBotSession - Error executing org.telegram.telegrambots.meta.api.methods.updates.GetUpdates query: [409] Conflict: terminated by other getUpdates request; make sure that only one bot instance is running
org.telegram.telegrambots.meta.exceptions.TelegramApiRequestException: Error executing org.telegram.telegrambots.meta.api.methods.updates.GetUpdates query: [409] Conflict: terminated by other getUpdates request; make sure that only one bot instance is running
	at org.telegram.telegrambots.meta.api.methods.PartialBotApiMethod.deserializeResponseInternal(PartialBotApiMethod.java:54)
	at org.telegram.telegrambots.meta.api.methods.PartialBotApiMethod.deserializeResponseArray(PartialBotApiMethod.java:39)
	at org.telegram.telegrambots.meta.api.methods.updates.GetUpdates.deserializeResponse(GetUpdates.java:86)
	at org.telegram.telegrambots.updatesreceivers.DefaultBotSession$ReaderThread.getUpdatesFromServer(DefaultBotSession.java:258)
	at org.telegram.telegrambots.updatesreceivers.DefaultBotSession$ReaderThread.run(DefaultBotSession.java:188)
2026-02-01 00:38:52 [eccprayerbot Telegram Connection] ERROR o.t.t.u.DefaultBotSession - Error executing org.telegram.telegrambots.meta.api.methods.updates.GetUpdates query: [409] Conflict: terminated by other getUpdates request; make sure that only one bot instance is running
org.telegram.telegrambots.meta.exceptions.TelegramApiRequestException: Error executing org.telegram.telegrambots.meta.api.methods.updates.GetUpdates query: [409] Conflict: terminated by other getUpdates request; make sure that only one bot instance is running
	at org.telegram.telegrambots.meta.api.methods.PartialBotApiMethod.deserializeResponseInternal(PartialBotApiMethod.java:54)
	at org.telegram.telegrambots.meta.api.methods.PartialBotApiMethod.deserializeResponseArray(PartialBotApiMethod.java:39)
	at org.telegram.telegrambots.meta.api.methods.updates.GetUpdates.deserializeResponse(GetUpdates.java:86)
	at org.telegram.telegrambots.updatesreceivers.DefaultBotSession$ReaderThread.getUpdatesFromServer(DefaultBotSession.java:258)
	at org.telegram.telegrambots.updatesreceivers.DefaultBotSession$ReaderThread.run(DefaultBotSession.java:188)
2026-02-01 00:38:56 [eccprayerbot Telegram Connection] ERROR o.t.t.u.DefaultBotSession - Error executing org.telegram.telegrambots.meta.api.methods.updates.GetUpdates query: [409] Conflict: terminated by other getUpdates request; make sure that only one bot instance is running
org.telegram.telegrambots.meta.exceptions.TelegramApiRequestException: Error executing org.telegram.telegrambots.meta.api.methods.updates.GetUpdates query: [409] Conflict: terminated by other getUpdates request; make sure that only one bot instance is running
	at org.telegram.telegrambots.meta.api.methods.PartialBotApiMethod.deserializeResponseInternal(PartialBotApiMethod.java:54)
	at org.telegram.telegrambots.meta.api.methods.PartialBotApiMethod.deserializeResponseArray(PartialBotApiMethod.java:39)
	at org.telegram.telegrambots.meta.api.methods.updates.GetUpdates.deserializeResponse(GetUpdates.java:86)
	at org.telegram.telegrambots.updatesreceivers.DefaultBotSession$ReaderThread.getUpdatesFromServer(DefaultBotSession.java:258)
	at org.telegram.telegrambots.updatesreceivers.DefaultBotSession$ReaderThread.run(DefaultBotSession.java:188)
2026-02-01 00:39:00 [eccprayerbot Telegram Connection] ERROR o.t.t.u.DefaultBotSession - Error executing org.telegram.telegrambots.meta.api.methods.updates.GetUpdates query: [409] Conflict: terminated by other getUpdates request; make sure that only one bot instance is running
org.telegram.telegrambots.meta.exceptions.TelegramApiRequestException: Error executing org.telegram.telegrambots.meta.api.methods.updates.GetUpdates query: [409] Conflict: terminated by other getUpdates request; make sure that only one bot instance is running
	at org.telegram.telegrambots.meta.api.methods.PartialBotApiMethod.deserializeResponseInternal(PartialBotApiMethod.java:54)
	at org.telegram.telegrambots.meta.api.methods.PartialBotApiMethod.deserializeResponseArray(PartialBotApiMethod.java:39)
	at org.telegram.telegrambots.meta.api.methods.updates.GetUpdates.deserializeResponse(GetUpdates.java:86)
	at org.telegram.telegrambots.updatesreceivers.DefaultBotSession$ReaderThread.getUpdatesFromServer(DefaultBotSession.java:258)
	at org.telegram.telegrambots.updatesreceivers.DefaultBotSession$ReaderThread.run(DefaultBotSession.java:188)
2026-02-01 00:39:04 [eccprayerbot Telegram Connection] ERROR o.t.t.u.DefaultBotSession - Error executing org.telegram.telegrambots.meta.api.methods.updates.GetUpdates query: [409] Conflict: terminated by other getUpdates request; make sure that only one bot instance is running
org.telegram.telegrambots.meta.exceptions.TelegramApiRequestException: Error executing org.telegram.telegrambots.meta.api.methods.updates.GetUpdates query: [409] Conflict: terminated by other getUpdates request; make sure that only one bot instance is running
	at org.telegram.telegrambots.meta.api.methods.PartialBotApiMethod.deserializeResponseInternal(PartialBotApiMethod.java:54)
	at org.telegram.telegrambots.meta.api.methods.PartialBotApiMethod.deserializeResponseArray(PartialBotApiMethod.java:39)
	at org.telegram.telegrambots.meta.api.methods.updates.GetUpdates.deserializeResponse(GetUpdates.java:86)
	at org.telegram.telegrambots.updatesreceivers.DefaultBotSession$ReaderThread.getUpdatesFromServer(DefaultBotSession.java:258)
	at org.telegram.telegrambots.updatesreceivers.DefaultBotSession$ReaderThread.run(DefaultBotSession.java:188)
2026-02-01 00:39:08 [eccprayerbot Telegram Connection] ERROR o.t.t.u.DefaultBotSession - Error executing org.telegram.telegrambots.meta.api.methods.updates.GetUpdates query: [409] Conflict: terminated by other getUpdates request; make sure that only one bot instance is running
org.telegram.telegrambots.meta.exceptions.TelegramApiRequestException: Error executing org.telegram.telegrambots.meta.api.methods.updates.GetUpdates query: [409] Conflict: terminated by other getUpdates request; make sure that only one bot instance is running
	at org.telegram.telegrambots.meta.api.methods.PartialBotApiMethod.deserializeResponseInternal(PartialBotApiMethod.java:54)
	at org.telegram.telegrambots.meta.api.methods.PartialBotApiMethod.deserializeResponseArray(PartialBotApiMethod.java:39)
	at org.telegram.telegrambots.meta.api.methods.updates.GetUpdates.deserializeResponse(GetUpdates.java:86)
	at org.telegram.telegrambots.updatesreceivers.DefaultBotSession$ReaderThread.getUpdatesFromServer(DefaultBotSession.java:258)
	at org.telegram.telegrambots.updatesreceivers.DefaultBotSession$ReaderThread.run(DefaultBotSession.java:188)
2026-02-01 00:39:13 [eccprayerbot Telegram Connection] ERROR o.t.t.u.DefaultBotSession - Error executing org.telegram.telegrambots.meta.api.methods.updates.GetUpdates query: [409] Conflict: terminated by other getUpdates request; make sure that only one bot instance is running
org.telegram.telegrambots.meta.exceptions.TelegramApiRequestException: Error executing org.telegram.telegrambots.meta.api.methods.updates.GetUpdates query: [409] Conflict: terminated by other getUpdates request; make sure that only one bot instance is running
	at org.telegram.telegrambots.meta.api.methods.PartialBotApiMethod.deserializeResponseInternal(PartialBotApiMethod.java:54)
	at org.telegram.telegrambots.meta.api.methods.PartialBotApiMethod.deserializeResponseArray(PartialBotApiMethod.java:39)
	at org.telegram.telegrambots.meta.api.methods.updates.GetUpdates.deserializeResponse(GetUpdates.java:86)
	at org.telegram.telegrambots.updatesreceivers.DefaultBotSession$ReaderThread.getUpdatesFromServer(DefaultBotSession.java:258)
	at org.telegram.telegrambots.updatesreceivers.DefaultBotSession$ReaderThread.run(DefaultBotSession.java:188)
2026-02-01 00:39:17 [eccprayerbot Telegram Connection] ERROR o.t.t.u.DefaultBotSession - Error executing org.telegram.telegrambots.meta.api.methods.updates.GetUpdates query: [409] Conflict: terminated by other getUpdates request; make sure that only one bot instance is running
org.telegram.telegrambots.meta.exceptions.TelegramApiRequestException: Error executing org.telegram.telegrambots.meta.api.methods.updates.GetUpdates query: [409] Conflict: terminated by other getUpdates request; make sure that only one bot instance is running
	at org.telegram.telegrambots.meta.api.methods.PartialBotApiMethod.deserializeResponseInternal(PartialBotApiMethod.java:54)
	at org.telegram.telegrambots.meta.api.methods.PartialBotApiMethod.deserializeResponseArray(PartialBotApiMethod.java:39)
	at org.telegram.telegrambots.meta.api.methods.updates.GetUpdates.deserializeResponse(GetUpdates.java:86)
	at org.telegram.telegrambots.updatesreceivers.DefaultBotSession$ReaderThread.getUpdatesFromServer(DefaultBotSession.java:258)
	at org.telegram.telegrambots.updatesreceivers.DefaultBotSession$ReaderThread.run(DefaultBotSession.java:188)
2026-02-01 00:39:21 [eccprayerbot Telegram Connection] ERROR o.t.t.u.DefaultBotSession - Error executing org.telegram.telegrambots.meta.api.methods.updates.GetUpdates query: [409] Conflict: terminated by other getUpdates request; make sure that only one bot instance is running
org.telegram.telegrambots.meta.exceptions.TelegramApiRequestException: Error executing org.telegram.telegrambots.meta.api.methods.updates.GetUpdates query: [409] Conflict: terminated by other getUpdates request; make sure that only one bot instance is running
	at org.telegram.telegrambots.meta.api.methods.PartialBotApiMethod.deserializeResponseInternal(PartialBotApiMethod.java:54)
	at org.telegram.telegrambots.meta.api.methods.PartialBotApiMethod.deserializeResponseArray(PartialBotApiMethod.java:39)
	at org.telegram.telegrambots.meta.api.methods.updates.GetUpdates.deserializeResponse(GetUpdates.java:86)
	at org.telegram.telegrambots.updatesreceivers.DefaultBotSession$ReaderThread.getUpdatesFromServer(DefaultBotSession.java:258)
	at org.telegram.telegrambots.updatesreceivers.DefaultBotSession$ReaderThread.run(DefaultBotSession.java:188)
2026-02-01 00:39:26 [eccprayerbot Telegram Connection] ERROR o.t.t.u.DefaultBotSession - Error executing org.telegram.telegrambots.meta.api.methods.updates.GetUpdates query: [409] Conflict: terminated by other getUpdates request; make sure that only one bot instance is running
org.telegram.telegrambots.meta.exceptions.TelegramApiRequestException: Error executing org.telegram.telegrambots.meta.api.methods.updates.GetUpdates query: [409] Conflict: terminated by other getUpdates request; make sure that only one bot instance is running
	at org.telegram.telegrambots.meta.api.methods.PartialBotApiMethod.deserializeResponseInternal(PartialBotApiMethod.java:54)
	at org.telegram.telegrambots.meta.api.methods.PartialBotApiMethod.deserializeResponseArray(PartialBotApiMethod.java:39)
	at org.telegram.telegrambots.meta.api.methods.updates.GetUpdates.deserializeResponse(GetUpdates.java:86)
	at org.telegram.telegrambots.updatesreceivers.DefaultBotSession$ReaderThread.getUpdatesFromServer(DefaultBotSession.java:258)
	at org.telegram.telegrambots.updatesreceivers.DefaultBotSession$ReaderThread.run(DefaultBotSession.java:188)
2026-02-01 00:39:30 [eccprayerbot Telegram Connection] ERROR o.t.t.u.DefaultBotSession - Error executing org.telegram.telegrambots.meta.api.methods.updates.GetUpdates query: [409] Conflict: terminated by other getUpdates request; make sure that only one bot instance is running
org.telegram.telegrambots.meta.exceptions.TelegramApiRequestException: Error executing org.telegram.telegrambots.meta.api.methods.updates.GetUpdates query: [409] Conflict: terminated by other getUpdates request; make sure that only one bot instance is running
	at org.telegram.telegrambots.meta.api.methods.PartialBotApiMethod.deserializeResponseInternal(PartialBotApiMethod.java:54)
	at org.telegram.telegrambots.meta.api.methods.PartialBotApiMethod.deserializeResponseArray(PartialBotApiMethod.java:39)
	at org.telegram.telegrambots.meta.api.methods.updates.GetUpdates.deserializeResponse(GetUpdates.java:86)
	at org.telegram.telegrambots.updatesreceivers.DefaultBotSession$ReaderThread.getUpdatesFromServer(DefaultBotSession.java:258)
	at org.telegram.telegrambots.updatesreceivers.DefaultBotSession$ReaderThread.run(DefaultBotSession.java:188)
2026-02-01 00:39:35 [eccprayerbot Telegram Connection] ERROR o.t.t.u.DefaultBotSession - Error executing org.telegram.telegrambots.meta.api.methods.updates.GetUpdates query: [409] Conflict: terminated by other getUpdates request; make sure that only one bot instance is running
org.telegram.telegrambots.meta.exceptions.TelegramApiRequestException: Error executing org.telegram.telegrambots.meta.api.methods.updates.GetUpdates query: [409] Conflict: terminated by other getUpdates request; make sure that only one bot instance is running
	at org.telegram.telegrambots.meta.api.methods.PartialBotApiMethod.deserializeResponseInternal(PartialBotApiMethod.java:54)
	at org.telegram.telegrambots.meta.api.methods.PartialBotApiMethod.deserializeResponseArray(PartialBotApiMethod.java:39)
	at org.telegram.telegrambots.meta.api.methods.updates.GetUpdates.deserializeResponse(GetUpdates.java:86)
	at org.telegram.telegrambots.updatesreceivers.DefaultBotSession$ReaderThread.getUpdatesFromServer(DefaultBotSession.java:258)
	at org.telegram.telegrambots.updatesreceivers.DefaultBotSession$ReaderThread.run(DefaultBotSession.java:188)
2026-02-01 00:39:39 [eccprayerbot Telegram Connection] ERROR o.t.t.u.DefaultBotSession - Error executing org.telegram.telegrambots.meta.api.methods.updates.GetUpdates query: [409] Conflict: terminated by other getUpdates request; make sure that only one bot instance is running
org.telegram.telegrambots.meta.exceptions.TelegramApiRequestException: Error executing org.telegram.telegrambots.meta.api.methods.updates.GetUpdates query: [409] Conflict: terminated by other getUpdates request; make sure that only one bot instance is running
	at org.telegram.telegrambots.meta.api.methods.PartialBotApiMethod.deserializeResponseInternal(PartialBotApiMethod.java:54)
	at org.telegram.telegrambots.meta.api.methods.PartialBotApiMethod.deserializeResponseArray(PartialBotApiMethod.java:39)
	at org.telegram.telegrambots.meta.api.methods.updates.GetUpdates.deserializeResponse(GetUpdates.java:86)
	at org.telegram.telegrambots.updatesreceivers.DefaultBotSession$ReaderThread.getUpdatesFromServer(DefaultBotSession.java:258)
	at org.telegram.telegrambots.updatesreceivers.DefaultBotSession$ReaderThread.run(DefaultBotSession.java:188)
2026-02-01 00:39:43 [eccprayerbot Telegram Connection] ERROR o.t.t.u.DefaultBotSession - Error executing org.telegram.telegrambots.meta.api.methods.updates.GetUpdates query: [409] Conflict: terminated by other getUpdates request; make sure that only one bot instance is running
org.telegram.telegrambots.meta.exceptions.TelegramApiRequestException: Error executing org.telegram.telegrambots.meta.api.methods.updates.GetUpdates query: [409] Conflict: terminated by other getUpdates request; make sure that only one bot instance is running
	at org.telegram.telegrambots.meta.api.methods.PartialBotApiMethod.deserializeResponseInternal(PartialBotApiMethod.java:54)
	at org.telegram.telegrambots.meta.api.methods.PartialBotApiMethod.deserializeResponseArray(PartialBotApiMethod.java:39)
	at org.telegram.telegrambots.meta.api.methods.updates.GetUpdates.deserializeResponse(GetUpdates.java:86)
	at org.telegram.telegrambots.updatesreceivers.DefaultBotSession$ReaderThread.getUpdatesFromServer(DefaultBotSession.java:258)
	at org.telegram.telegrambots.updatesreceivers.DefaultBotSession$ReaderThread.run(DefaultBotSession.java:188)
2026-02-01 00:39:48 [eccprayerbot Telegram Connection] ERROR o.t.t.u.DefaultBotSession - Error executing org.telegram.telegrambots.meta.api.methods.updates.GetUpdates query: [409] Conflict: terminated by other getUpdates request; make sure that only one bot instance is running
org.telegram.telegrambots.meta.exceptions.TelegramApiRequestException: Error executing org.telegram.telegrambots.meta.api.methods.updates.GetUpdates query: [409] Conflict: terminated by other getUpdates request; make sure that only one bot instance is running
	at org.telegram.telegrambots.meta.api.methods.PartialBotApiMethod.deserializeResponseInternal(PartialBotApiMethod.java:54)
	at org.telegram.telegrambots.meta.api.methods.PartialBotApiMethod.deserializeResponseArray(PartialBotApiMethod.java:39)
	at org.telegram.telegrambots.meta.api.methods.updates.GetUpdates.deserializeResponse(GetUpdates.java:86)
	at org.telegram.telegrambots.updatesreceivers.DefaultBotSession$ReaderThread.getUpdatesFromServer(DefaultBotSession.java:258)
	at org.telegram.telegrambots.updatesreceivers.DefaultBotSession$ReaderThread.run(DefaultBotSession.java:188)
2026-02-01 00:39:52 [eccprayerbot Telegram Connection] ERROR o.t.t.u.DefaultBotSession - Error executing org.telegram.telegrambots.meta.api.methods.updates.GetUpdates query: [409] Conflict: terminated by other getUpdates request; make sure that only one bot instance is running
org.telegram.telegrambots.meta.exceptions.TelegramApiRequestException: Error executing org.telegram.telegrambots.meta.api.methods.updates.GetUpdates query: [409] Conflict: terminated by other getUpdates request; make sure that only one bot instance is running
	at org.telegram.telegrambots.meta.api.methods.PartialBotApiMethod.deserializeResponseInternal(PartialBotApiMethod.java:54)
	at org.telegram.telegrambots.meta.api.methods.PartialBotApiMethod.deserializeResponseArray(PartialBotApiMethod.java:39)
	at org.telegram.telegrambots.meta.api.methods.updates.GetUpdates.deserializeResponse(GetUpdates.java:86)
	at org.telegram.telegrambots.updatesreceivers.DefaultBotSession$ReaderThread.getUpdatesFromServer(DefaultBotSession.java:258)
	at org.telegram.telegrambots.updatesreceivers.DefaultBotSession$ReaderThread.run(DefaultBotSession.java:188)
2026-02-01 00:39:56 [eccprayerbot Telegram Connection] ERROR o.t.t.u.DefaultBotSession - Error executing org.telegram.telegrambots.meta.api.methods.updates.GetUpdates query: [409] Conflict: terminated by other getUpdates request; make sure that only one bot instance is running
org.telegram.telegrambots.meta.exceptions.TelegramApiRequestException: Error executing org.telegram.telegrambots.meta.api.methods.updates.GetUpdates query: [409] Conflict: terminated by other getUpdates request; make sure that only one bot instance is running
	at org.telegram.telegrambots.meta.api.methods.PartialBotApiMethod.deserializeResponseInternal(PartialBotApiMethod.java:54)
	at org.telegram.telegrambots.meta.api.methods.PartialBotApiMethod.deserializeResponseArray(PartialBotApiMethod.java:39)
	at org.telegram.telegrambots.meta.api.methods.updates.GetUpdates.deserializeResponse(GetUpdates.java:86)
	at org.telegram.telegrambots.updatesreceivers.DefaultBotSession$ReaderThread.getUpdatesFromServer(DefaultBotSession.java:258)
	at org.telegram.telegrambots.updatesreceivers.DefaultBotSession$ReaderThread.run(DefaultBotSession.java:188)
2026-02-01 00:40:00 [eccprayerbot Telegram Connection] ERROR o.t.t.u.DefaultBotSession - Error executing org.telegram.telegrambots.meta.api.methods.updates.GetUpdates query: [409] Conflict: terminated by other getUpdates request; make sure that only one bot instance is running
org.telegram.telegrambots.meta.exceptions.TelegramApiRequestException: Error executing org.telegram.telegrambots.meta.api.methods.updates.GetUpdates query: [409] Conflict: terminated by other getUpdates request; make sure that only one bot instance is running
	at org.telegram.telegrambots.meta.api.methods.PartialBotApiMethod.deserializeResponseInternal(PartialBotApiMethod.java:54)
	at org.telegram.telegrambots.meta.api.methods.PartialBotApiMethod.deserializeResponseArray(PartialBotApiMethod.java:39)
	at org.telegram.telegrambots.meta.api.methods.updates.GetUpdates.deserializeResponse(GetUpdates.java:86)
	at org.telegram.telegrambots.updatesreceivers.DefaultBotSession$ReaderThread.getUpdatesFromServer(DefaultBotSession.java:258)
	at org.telegram.telegrambots.updatesreceivers.DefaultBotSession$ReaderThread.run(DefaultBotSession.java:188)
2026-02-01 00:40:05 [eccprayerbot Telegram Connection] ERROR o.t.t.u.DefaultBotSession - Error executing org.telegram.telegrambots.meta.api.methods.updates.GetUpdates query: [409] Conflict: terminated by other getUpdates request; make sure that only one bot instance is running
org.telegram.telegrambots.meta.exceptions.TelegramApiRequestException: Error executing org.telegram.telegrambots.meta.api.methods.updates.GetUpdates query: [409] Conflict: terminated by other getUpdates request; make sure that only one bot instance is running
	at org.telegram.telegrambots.meta.api.methods.PartialBotApiMethod.deserializeResponseInternal(PartialBotApiMethod.java:54)
	at org.telegram.telegrambots.meta.api.methods.PartialBotApiMethod.deserializeResponseArray(PartialBotApiMethod.java:39)
	at org.telegram.telegrambots.meta.api.methods.updates.GetUpdates.deserializeResponse(GetUpdates.java:86)
	at org.telegram.telegrambots.updatesreceivers.DefaultBotSession$ReaderThread.getUpdatesFromServer(DefaultBotSession.java:258)
	at org.telegram.telegrambots.updatesreceivers.DefaultBotSession$ReaderThread.run(DefaultBotSession.java:188)
2026-02-01 00:40:09 [eccprayerbot Telegram Connection] ERROR o.t.t.u.DefaultBotSession - Error executing org.telegram.telegrambots.meta.api.methods.updates.GetUpdates query: [409] Conflict: terminated by other getUpdates request; make sure that only one bot instance is running
org.telegram.telegrambots.meta.exceptions.TelegramApiRequestException: Error executing org.telegram.telegrambots.meta.api.methods.updates.GetUpdates query: [409] Conflict: terminated by other getUpdates request; make sure that only one bot instance is running
	at org.telegram.telegrambots.meta.api.methods.PartialBotApiMethod.deserializeResponseInternal(PartialBotApiMethod.java:54)
	at org.telegram.telegrambots.meta.api.methods.PartialBotApiMethod.deserializeResponseArray(PartialBotApiMethod.java:39)
	at org.telegram.telegrambots.meta.api.methods.updates.GetUpdates.deserializeResponse(GetUpdates.java:86)
	at org.telegram.telegrambots.updatesreceivers.DefaultBotSession$ReaderThread.getUpdatesFromServer(DefaultBotSession.java:258)
	at org.telegram.telegrambots.updatesreceivers.DefaultBotSession$ReaderThread.run(DefaultBotSession.java:188)
2026-02-01 00:40:14 [eccprayerbot Telegram Connection] ERROR o.t.t.u.DefaultBotSession - Error executing org.telegram.telegrambots.meta.api.methods.updates.GetUpdates query: [409] Conflict: terminated by other getUpdates request; make sure that only one bot instance is running
org.telegram.telegrambots.meta.exceptions.TelegramApiRequestException: Error executing org.telegram.telegrambots.meta.api.methods.updates.GetUpdates query: [409] Conflict: terminated by other getUpdates request; make sure that only one bot instance is running
	at org.telegram.telegrambots.meta.api.methods.PartialBotApiMethod.deserializeResponseInternal(PartialBotApiMethod.java:54)
	at org.telegram.telegrambots.meta.api.methods.PartialBotApiMethod.deserializeResponseArray(PartialBotApiMethod.java:39)
	at org.telegram.telegrambots.meta.api.methods.updates.GetUpdates.deserializeResponse(GetUpdates.java:86)
	at org.telegram.telegrambots.updatesreceivers.DefaultBotSession$ReaderThread.getUpdatesFromServer(DefaultBotSession.java:258)
	at org.telegram.telegrambots.updatesreceivers.DefaultBotSession$ReaderThread.run(DefaultBotSession.java:188)
2026-02-01 00:40:18 [eccprayerbot Telegram Connection] ERROR o.t.t.u.DefaultBotSession - Error executing org.telegram.telegrambots.meta.api.methods.updates.GetUpdates query: [409] Conflict: terminated by other getUpdates request; make sure that only one bot instance is running
org.telegram.telegrambots.meta.exceptions.TelegramApiRequestException: Error executing org.telegram.telegrambots.meta.api.methods.updates.GetUpdates query: [409] Conflict: terminated by other getUpdates request; make sure that only one bot instance is running
	at org.telegram.telegrambots.meta.api.methods.PartialBotApiMethod.deserializeResponseInternal(PartialBotApiMethod.java:54)
	at org.telegram.telegrambots.meta.api.methods.PartialBotApiMethod.deserializeResponseArray(PartialBotApiMethod.java:39)
	at org.telegram.telegrambots.meta.api.methods.updates.GetUpdates.deserializeResponse(GetUpdates.java:86)
	at org.telegram.telegrambots.updatesreceivers.DefaultBotSession$ReaderThread.getUpdatesFromServer(DefaultBotSession.java:258)
	at org.telegram.telegrambots.updatesreceivers.DefaultBotSession$ReaderThread.run(DefaultBotSession.java:188)
2026-02-01 00:45:13 [eccprayerbot Telegram Connection] ERROR o.t.t.u.DefaultBotSession - Error executing org.telegram.telegrambots.meta.api.methods.updates.GetUpdates query: [409] Conflict: terminated by other getUpdates request; make sure that only one bot instance is running
org.telegram.telegrambots.meta.exceptions.TelegramApiRequestException: Error executing org.telegram.telegrambots.meta.api.methods.updates.GetUpdates query: [409] Conflict: terminated by other getUpdates request; make sure that only one bot instance is running
	at org.telegram.telegrambots.meta.api.methods.PartialBotApiMethod.deserializeResponseInternal(PartialBotApiMethod.java:54)
	at org.telegram.telegrambots.meta.api.methods.PartialBotApiMethod.deserializeResponseArray(PartialBotApiMethod.java:39)
	at org.telegram.telegrambots.meta.api.methods.updates.GetUpdates.deserializeResponse(GetUpdates.java:86)
	at org.telegram.telegrambots.updatesreceivers.DefaultBotSession$ReaderThread.getUpdatesFromServer(DefaultBotSession.java:258)
	at org.telegram.telegrambots.updatesreceivers.DefaultBotSession$ReaderThread.run(DefaultBotSession.java:188)
2026-02-01 00:45:19 [eccprayerbot Telegram Connection] ERROR o.t.t.u.DefaultBotSession - Error executing org.telegram.telegrambots.meta.api.methods.updates.GetUpdates query: [409] Conflict: terminated by other getUpdates request; make sure that only one bot instance is running
org.telegram.telegrambots.meta.exceptions.TelegramApiRequestException: Error executing org.telegram.telegrambots.meta.api.methods.updates.GetUpdates query: [409] Conflict: terminated by other getUpdates request; make sure that only one bot instance is running
	at org.telegram.telegrambots.meta.api.methods.PartialBotApiMethod.deserializeResponseInternal(PartialBotApiMethod.java:54)
	at org.telegram.telegrambots.meta.api.methods.PartialBotApiMethod.deserializeResponseArray(PartialBotApiMethod.java:39)
	at org.telegram.telegrambots.meta.api.methods.updates.GetUpdates.deserializeResponse(GetUpdates.java:86)
	at org.telegram.telegrambots.updatesreceivers.DefaultBotSession$ReaderThread.getUpdatesFromServer(DefaultBotSession.java:258)
	at org.telegram.telegrambots.updatesreceivers.DefaultBotSession$ReaderThread.run(DefaultBotSession.java:188)
2026-02-01 00:45:24 [eccprayerbot Telegram Connection] ERROR o.t.t.u.DefaultBotSession - Error executing org.telegram.telegrambots.meta.api.methods.updates.GetUpdates query: [409] Conflict: terminated by other getUpdates request; make sure that only one bot instance is running
org.telegram.telegrambots.meta.exceptions.TelegramApiRequestException: Error executing org.telegram.telegrambots.meta.api.methods.updates.GetUpdates query: [409] Conflict: terminated by other getUpdates request; make sure that only one bot instance is running
	at org.telegram.telegrambots.meta.api.methods.PartialBotApiMethod.deserializeResponseInternal(PartialBotApiMethod.java:54)
	at org.telegram.telegrambots.meta.api.methods.PartialBotApiMethod.deserializeResponseArray(PartialBotApiMethod.java:39)
	at org.telegram.telegrambots.meta.api.methods.updates.GetUpdates.deserializeResponse(GetUpdates.java:86)
	at org.telegram.telegrambots.updatesreceivers.DefaultBotSession$ReaderThread.getUpdatesFromServer(DefaultBotSession.java:258)
	at org.telegram.telegrambots.updatesreceivers.DefaultBotSession$ReaderThread.run(DefaultBotSession.java:188)
2026-02-01 00:45:28 [eccprayerbot Telegram Connection] ERROR o.t.t.u.DefaultBotSession - Error executing org.telegram.telegrambots.meta.api.methods.updates.GetUpdates query: [409] Conflict: terminated by other getUpdates request; make sure that only one bot instance is running
org.telegram.telegrambots.meta.exceptions.TelegramApiRequestException: Error executing org.telegram.telegrambots.meta.api.methods.updates.GetUpdates query: [409] Conflict: terminated by other getUpdates request; make sure that only one bot instance is running
	at org.telegram.telegrambots.meta.api.methods.PartialBotApiMethod.deserializeResponseInternal(PartialBotApiMethod.java:54)
	at org.telegram.telegrambots.meta.api.methods.PartialBotApiMethod.deserializeResponseArray(PartialBotApiMethod.java:39)
	at org.telegram.telegrambots.meta.api.methods.updates.GetUpdates.deserializeResponse(GetUpdates.java:86)
	at org.telegram.telegrambots.updatesreceivers.DefaultBotSession$ReaderThread.getUpdatesFromServer(DefaultBotSession.java:258)
	at org.telegram.telegrambots.updatesreceivers.DefaultBotSession$ReaderThread.run(DefaultBotSession.java:188)
2026-02-01 00:45:32 [eccprayerbot Telegram Connection] ERROR o.t.t.u.DefaultBotSession - Error executing org.telegram.telegrambots.meta.api.methods.updates.GetUpdates query: [409] Conflict: terminated by other getUpdates request; make sure that only one bot instance is running
org.telegram.telegrambots.meta.exceptions.TelegramApiRequestException: Error executing org.telegram.telegrambots.meta.api.methods.updates.GetUpdates query: [409] Conflict: terminated by other getUpdates request; make sure that only one bot instance is running
	at org.telegram.telegrambots.meta.api.methods.PartialBotApiMethod.deserializeResponseInternal(PartialBotApiMethod.java:54)
	at org.telegram.telegrambots.meta.api.methods.PartialBotApiMethod.deserializeResponseArray(PartialBotApiMethod.java:39)
	at org.telegram.telegrambots.meta.api.methods.updates.GetUpdates.deserializeResponse(GetUpdates.java:86)
	at org.telegram.telegrambots.updatesreceivers.DefaultBotSession$ReaderThread.getUpdatesFromServer(DefaultBotSession.java:258)
	at org.telegram.telegrambots.updatesreceivers.DefaultBotSession$ReaderThread.run(DefaultBotSession.java:188)
2026-02-01 00:45:37 [eccprayerbot Telegram Connection] ERROR o.t.t.u.DefaultBotSession - Error executing org.telegram.telegrambots.meta.api.methods.updates.GetUpdates query: [409] Conflict: terminated by other getUpdates request; make sure that only one bot instance is running
org.telegram.telegrambots.meta.exceptions.TelegramApiRequestException: Error executing org.telegram.telegrambots.meta.api.methods.updates.GetUpdates query: [409] Conflict: terminated by other getUpdates request; make sure that only one bot instance is running
	at org.telegram.telegrambots.meta.api.methods.PartialBotApiMethod.deserializeResponseInternal(PartialBotApiMethod.java:54)
	at org.telegram.telegrambots.meta.api.methods.PartialBotApiMethod.deserializeResponseArray(PartialBotApiMethod.java:39)
	at org.telegram.telegrambots.meta.api.methods.updates.GetUpdates.deserializeResponse(GetUpdates.java:86)
	at org.telegram.telegrambots.updatesreceivers.DefaultBotSession$ReaderThread.getUpdatesFromServer(DefaultBotSession.java:258)
	at org.telegram.telegrambots.updatesreceivers.DefaultBotSession$ReaderThread.run(DefaultBotSession.java:188)
2026-02-01 00:45:41 [eccprayerbot Telegram Connection] ERROR o.t.t.u.DefaultBotSession - Error executing org.telegram.telegrambots.meta.api.methods.updates.GetUpdates query: [409] Conflict: terminated by other getUpdates request; make sure that only one bot instance is running
org.telegram.telegrambots.meta.exceptions.TelegramApiRequestException: Error executing org.telegram.telegrambots.meta.api.methods.updates.GetUpdates query: [409] Conflict: terminated by other getUpdates request; make sure that only one bot instance is running
	at org.telegram.telegrambots.meta.api.methods.PartialBotApiMethod.deserializeResponseInternal(PartialBotApiMethod.java:54)
	at org.telegram.telegrambots.meta.api.methods.PartialBotApiMethod.deserializeResponseArray(PartialBotApiMethod.java:39)
	at org.telegram.telegrambots.meta.api.methods.updates.GetUpdates.deserializeResponse(GetUpdates.java:86)
	at org.telegram.telegrambots.updatesreceivers.DefaultBotSession$ReaderThread.getUpdatesFromServer(DefaultBotSession.java:258)
	at org.telegram.telegrambots.updatesreceivers.DefaultBotSession$ReaderThread.run(DefaultBotSession.java:188)
2026-02-01 00:45:45 [eccprayerbot Telegram Connection] ERROR o.t.t.u.DefaultBotSession - Error executing org.telegram.telegrambots.meta.api.methods.updates.GetUpdates query: [409] Conflict: terminated by other getUpdates request; make sure that only one bot instance is running
org.telegram.telegrambots.meta.exceptions.TelegramApiRequestException: Error executing org.telegram.telegrambots.meta.api.methods.updates.GetUpdates query: [409] Conflict: terminated by other getUpdates request; make sure that only one bot instance is running
	at org.telegram.telegrambots.meta.api.methods.PartialBotApiMethod.deserializeResponseInternal(PartialBotApiMethod.java:54)
	at org.telegram.telegrambots.meta.api.methods.PartialBotApiMethod.deserializeResponseArray(PartialBotApiMethod.java:39)
	at org.telegram.telegrambots.meta.api.methods.updates.GetUpdates.deserializeResponse(GetUpdates.java:86)
	at org.telegram.telegrambots.updatesreceivers.DefaultBotSession$ReaderThread.getUpdatesFromServer(DefaultBotSession.java:258)
	at org.telegram.telegrambots.updatesreceivers.DefaultBotSession$ReaderThread.run(DefaultBotSession.java:188)
2026-02-01 00:45:49 [eccprayerbot Telegram Connection] ERROR o.t.t.u.DefaultBotSession - Error executing org.telegram.telegrambots.meta.api.methods.updates.GetUpdates query: [409] Conflict: terminated by other getUpdates request; make sure that only one bot instance is running
org.telegram.telegrambots.meta.exceptions.TelegramApiRequestException: Error executing org.telegram.telegrambots.meta.api.methods.updates.GetUpdates query: [409] Conflict: terminated by other getUpdates request; make sure that only one bot instance is running
	at org.telegram.telegrambots.meta.api.methods.PartialBotApiMethod.deserializeResponseInternal(PartialBotApiMethod.java:54)
	at org.telegram.telegrambots.meta.api.methods.PartialBotApiMethod.deserializeResponseArray(PartialBotApiMethod.java:39)
	at org.telegram.telegrambots.meta.api.methods.updates.GetUpdates.deserializeResponse(GetUpdates.java:86)
	at org.telegram.telegrambots.updatesreceivers.DefaultBotSession$ReaderThread.getUpdatesFromServer(DefaultBotSession.java:258)
	at org.telegram.telegrambots.updatesreceivers.DefaultBotSession$ReaderThread.run(DefaultBotSession.java:188)
2026-02-01 00:45:54 [eccprayerbot Telegram Connection] ERROR o.t.t.u.DefaultBotSession - Error executing org.telegram.telegrambots.meta.api.methods.updates.GetUpdates query: [409] Conflict: terminated by other getUpdates request; make sure that only one bot instance is running
org.telegram.telegrambots.meta.exceptions.TelegramApiRequestException: Error executing org.telegram.telegrambots.meta.api.methods.updates.GetUpdates query: [409] Conflict: terminated by other getUpdates request; make sure that only one bot instance is running
	at org.telegram.telegrambots.meta.api.methods.PartialBotApiMethod.deserializeResponseInternal(PartialBotApiMethod.java:54)
	at org.telegram.telegrambots.meta.api.methods.PartialBotApiMethod.deserializeResponseArray(PartialBotApiMethod.java:39)
	at org.telegram.telegrambots.meta.api.methods.updates.GetUpdates.deserializeResponse(GetUpdates.java:86)
	at org.telegram.telegrambots.updatesreceivers.DefaultBotSession$ReaderThread.getUpdatesFromServer(DefaultBotSession.java:258)
	at org.telegram.telegrambots.updatesreceivers.DefaultBotSession$ReaderThread.run(DefaultBotSession.java:188)
2026-02-01 00:45:58 [eccprayerbot Telegram Connection] ERROR o.t.t.u.DefaultBotSession - Error executing org.telegram.telegrambots.meta.api.methods.updates.GetUpdates query: [409] Conflict: terminated by other getUpdates request; make sure that only one bot instance is running
org.telegram.telegrambots.meta.exceptions.TelegramApiRequestException: Error executing org.telegram.telegrambots.meta.api.methods.updates.GetUpdates query: [409] Conflict: terminated by other getUpdates request; make sure that only one bot instance is running
	at org.telegram.telegrambots.meta.api.methods.PartialBotApiMethod.deserializeResponseInternal(PartialBotApiMethod.java:54)
	at org.telegram.telegrambots.meta.api.methods.PartialBotApiMethod.deserializeResponseArray(PartialBotApiMethod.java:39)
	at org.telegram.telegrambots.meta.api.methods.updates.GetUpdates.deserializeResponse(GetUpdates.java:86)
	at org.telegram.telegrambots.updatesreceivers.DefaultBotSession$ReaderThread.getUpdatesFromServer(DefaultBotSession.java:258)
	at org.telegram.telegrambots.updatesreceivers.DefaultBotSession$ReaderThread.run(DefaultBotSession.java:188)
2026-02-01 00:46:02 [eccprayerbot Telegram Connection] ERROR o.t.t.u.DefaultBotSession - Error executing org.telegram.telegrambots.meta.api.methods.updates.GetUpdates query: [409] Conflict: terminated by other getUpdates request; make sure that only one bot instance is running
org.telegram.telegrambots.meta.exceptions.TelegramApiRequestException: Error executing org.telegram.telegrambots.meta.api.methods.updates.GetUpdates query: [409] Conflict: terminated by other getUpdates request; make sure that only one bot instance is running
	at org.telegram.telegrambots.meta.api.methods.PartialBotApiMethod.deserializeResponseInternal(PartialBotApiMethod.java:54)
	at org.telegram.telegrambots.meta.api.methods.PartialBotApiMethod.deserializeResponseArray(PartialBotApiMethod.java:39)
	at org.telegram.telegrambots.meta.api.methods.updates.GetUpdates.deserializeResponse(GetUpdates.java:86)
	at org.telegram.telegrambots.updatesreceivers.DefaultBotSession$ReaderThread.getUpdatesFromServer(DefaultBotSession.java:258)
	at org.telegram.telegrambots.updatesreceivers.DefaultBotSession$ReaderThread.run(DefaultBotSession.java:188)
2026-02-01 00:46:07 [eccprayerbot Telegram Connection] ERROR o.t.t.u.DefaultBotSession - Error executing org.telegram.telegrambots.meta.api.methods.updates.GetUpdates query: [409] Conflict: terminated by other getUpdates request; make sure that only one bot instance is running
org.telegram.telegrambots.meta.exceptions.TelegramApiRequestException: Error executing org.telegram.telegrambots.meta.api.methods.updates.GetUpdates query: [409] Conflict: terminated by other getUpdates request; make sure that only one bot instance is running
	at org.telegram.telegrambots.meta.api.methods.PartialBotApiMethod.deserializeResponseInternal(PartialBotApiMethod.java:54)
	at org.telegram.telegrambots.meta.api.methods.PartialBotApiMethod.deserializeResponseArray(PartialBotApiMethod.java:39)
	at org.telegram.telegrambots.meta.api.methods.updates.GetUpdates.deserializeResponse(GetUpdates.java:86)
	at org.telegram.telegrambots.updatesreceivers.DefaultBotSession$ReaderThread.getUpdatesFromServer(DefaultBotSession.java:258)
	at org.telegram.telegrambots.updatesreceivers.DefaultBotSession$ReaderThread.run(DefaultBotSession.java:188)
2026-02-01 00:46:11 [eccprayerbot Telegram Connection] ERROR o.t.t.u.DefaultBotSession - Error executing org.telegram.telegrambots.meta.api.methods.updates.GetUpdates query: [409] Conflict: terminated by other getUpdates request; make sure that only one bot instance is running
org.telegram.telegrambots.meta.exceptions.TelegramApiRequestException: Error executing org.telegram.telegrambots.meta.api.methods.updates.GetUpdates query: [409] Conflict: terminated by other getUpdates request; make sure that only one bot instance is running
	at org.telegram.telegrambots.meta.api.methods.PartialBotApiMethod.deserializeResponseInternal(PartialBotApiMethod.java:54)
	at org.telegram.telegrambots.meta.api.methods.PartialBotApiMethod.deserializeResponseArray(PartialBotApiMethod.java:39)
	at org.telegram.telegrambots.meta.api.methods.updates.GetUpdates.deserializeResponse(GetUpdates.java:86)
	at org.telegram.telegrambots.updatesreceivers.DefaultBotSession$ReaderThread.getUpdatesFromServer(DefaultBotSession.java:258)
	at org.telegram.telegrambots.updatesreceivers.DefaultBotSession$ReaderThread.run(DefaultBotSession.java:188)
2026-02-01 00:46:15 [eccprayerbot Telegram Connection] ERROR o.t.t.u.DefaultBotSession - Error executing org.telegram.telegrambots.meta.api.methods.updates.GetUpdates query: [409] Conflict: terminated by other getUpdates request; make sure that only one bot instance is running
org.telegram.telegrambots.meta.exceptions.TelegramApiRequestException: Error executing org.telegram.telegrambots.meta.api.methods.updates.GetUpdates query: [409] Conflict: terminated by other getUpdates request; make sure that only one bot instance is running
	at org.telegram.telegrambots.meta.api.methods.PartialBotApiMethod.deserializeResponseInternal(PartialBotApiMethod.java:54)
	at org.telegram.telegrambots.meta.api.methods.PartialBotApiMethod.deserializeResponseArray(PartialBotApiMethod.java:39)
	at org.telegram.telegrambots.meta.api.methods.updates.GetUpdates.deserializeResponse(GetUpdates.java:86)
	at org.telegram.telegrambots.updatesreceivers.DefaultBotSession$ReaderThread.getUpdatesFromServer(DefaultBotSession.java:258)
	at org.telegram.telegrambots.updatesreceivers.DefaultBotSession$ReaderThread.run(DefaultBotSession.java:188)
2026-02-01 00:46:19 [eccprayerbot Telegram Connection] ERROR o.t.t.u.DefaultBotSession - Error executing org.telegram.telegrambots.meta.api.methods.updates.GetUpdates query: [409] Conflict: terminated by other getUpdates request; make sure that only one bot instance is running
org.telegram.telegrambots.meta.exceptions.TelegramApiRequestException: Error executing org.telegram.telegrambots.meta.api.methods.updates.GetUpdates query: [409] Conflict: terminated by other getUpdates request; make sure that only one bot instance is running
	at org.telegram.telegrambots.meta.api.methods.PartialBotApiMethod.deserializeResponseInternal(PartialBotApiMethod.java:54)
	at org.telegram.telegrambots.meta.api.methods.PartialBotApiMethod.deserializeResponseArray(PartialBotApiMethod.java:39)
	at org.telegram.telegrambots.meta.api.methods.updates.GetUpdates.deserializeResponse(GetUpdates.java:86)
	at org.telegram.telegrambots.updatesreceivers.DefaultBotSession$ReaderThread.getUpdatesFromServer(DefaultBotSession.java:258)
	at org.telegram.telegrambots.updatesreceivers.DefaultBotSession$ReaderThread.run(DefaultBotSession.java:188)
2026-02-01 00:46:24 [eccprayerbot Telegram Connection] ERROR o.t.t.u.DefaultBotSession - Error executing org.telegram.telegrambots.meta.api.methods.updates.GetUpdates query: [409] Conflict: terminated by other getUpdates request; make sure that only one bot instance is running
org.telegram.telegrambots.meta.exceptions.TelegramApiRequestException: Error executing org.telegram.telegrambots.meta.api.methods.updates.GetUpdates query: [409] Conflict: terminated by other getUpdates request; make sure that only one bot instance is running
	at org.telegram.telegrambots.meta.api.methods.PartialBotApiMethod.deserializeResponseInternal(PartialBotApiMethod.java:54)
	at org.telegram.telegrambots.meta.api.methods.PartialBotApiMethod.deserializeResponseArray(PartialBotApiMethod.java:39)
	at org.telegram.telegrambots.meta.api.methods.updates.GetUpdates.deserializeResponse(GetUpdates.java:86)
	at org.telegram.telegrambots.updatesreceivers.DefaultBotSession$ReaderThread.getUpdatesFromServer(DefaultBotSession.java:258)
	at org.telegram.telegrambots.updatesreceivers.DefaultBotSession$ReaderThread.run(DefaultBotSession.java:188)
2026-02-01 00:46:29 [eccprayerbot Telegram Connection] ERROR o.t.t.u.DefaultBotSession - Error executing org.telegram.telegrambots.meta.api.methods.updates.GetUpdates query: [409] Conflict: terminated by other getUpdates request; make sure that only one bot instance is running
org.telegram.telegrambots.meta.exceptions.TelegramApiRequestException: Error executing org.telegram.telegrambots.meta.api.methods.updates.GetUpdates query: [409] Conflict: terminated by other getUpdates request; make sure that only one bot instance is running
	at org.telegram.telegrambots.meta.api.methods.PartialBotApiMethod.deserializeResponseInternal(PartialBotApiMethod.java:54)
	at org.telegram.telegrambots.meta.api.methods.PartialBotApiMethod.deserializeResponseArray(PartialBotApiMethod.java:39)
	at org.telegram.telegrambots.meta.api.methods.updates.GetUpdates.deserializeResponse(GetUpdates.java:86)
	at org.telegram.telegrambots.updatesreceivers.DefaultBotSession$ReaderThread.getUpdatesFromServer(DefaultBotSession.java:258)
	at org.telegram.telegrambots.updatesreceivers.DefaultBotSession$ReaderThread.run(DefaultBotSession.java:188)
2026-02-01 00:46:33 [eccprayerbot Telegram Connection] ERROR o.t.t.u.DefaultBotSession - Error executing org.telegram.telegrambots.meta.api.methods.updates.GetUpdates query: [409] Conflict: terminated by other getUpdates request; make sure that only one bot instance is running
org.telegram.telegrambots.meta.exceptions.TelegramApiRequestException: Error executing org.telegram.telegrambots.meta.api.methods.updates.GetUpdates query: [409] Conflict: terminated by other getUpdates request; make sure that only one bot instance is running
	at org.telegram.telegrambots.meta.api.methods.PartialBotApiMethod.deserializeResponseInternal(PartialBotApiMethod.java:54)
	at org.telegram.telegrambots.meta.api.methods.PartialBotApiMethod.deserializeResponseArray(PartialBotApiMethod.java:39)
	at org.telegram.telegrambots.meta.api.methods.updates.GetUpdates.deserializeResponse(GetUpdates.java:86)
	at org.telegram.telegrambots.updatesreceivers.DefaultBotSession$ReaderThread.getUpdatesFromServer(DefaultBotSession.java:258)
	at org.telegram.telegrambots.updatesreceivers.DefaultBotSession$ReaderThread.run(DefaultBotSession.java:188)
2026-02-01 00:46:37 [eccprayerbot Telegram Connection] ERROR o.t.t.u.DefaultBotSession - Error executing org.telegram.telegrambots.meta.api.methods.updates.GetUpdates query: [409] Conflict: terminated by other getUpdates request; make sure that only one bot instance is running
org.telegram.telegrambots.meta.exceptions.TelegramApiRequestException: Error executing org.telegram.telegrambots.meta.api.methods.updates.GetUpdates query: [409] Conflict: terminated by other getUpdates request; make sure that only one bot instance is running
	at org.telegram.telegrambots.meta.api.methods.PartialBotApiMethod.deserializeResponseInternal(PartialBotApiMethod.java:54)
	at org.telegram.telegrambots.meta.api.methods.PartialBotApiMethod.deserializeResponseArray(PartialBotApiMethod.java:39)
	at org.telegram.telegrambots.meta.api.methods.updates.GetUpdates.deserializeResponse(GetUpdates.java:86)
	at org.telegram.telegrambots.updatesreceivers.DefaultBotSession$ReaderThread.getUpdatesFromServer(DefaultBotSession.java:258)
	at org.telegram.telegrambots.updatesreceivers.DefaultBotSession$ReaderThread.run(DefaultBotSession.java:188)
2026-02-01 00:46:42 [eccprayerbot Telegram Connection] ERROR o.t.t.u.DefaultBotSession - Error executing org.telegram.telegrambots.meta.api.methods.updates.GetUpdates query: [409] Conflict: terminated by other getUpdates request; make sure that only one bot instance is running
org.telegram.telegrambots.meta.exceptions.TelegramApiRequestException: Error executing org.telegram.telegrambots.meta.api.methods.updates.GetUpdates query: [409] Conflict: terminated by other getUpdates request; make sure that only one bot instance is running
	at org.telegram.telegrambots.meta.api.methods.PartialBotApiMethod.deserializeResponseInternal(PartialBotApiMethod.java:54)
	at org.telegram.telegrambots.meta.api.methods.PartialBotApiMethod.deserializeResponseArray(PartialBotApiMethod.java:39)
	at org.telegram.telegrambots.meta.api.methods.updates.GetUpdates.deserializeResponse(GetUpdates.java:86)
	at org.telegram.telegrambots.updatesreceivers.DefaultBotSession$ReaderThread.getUpdatesFromServer(DefaultBotSession.java:258)
	at org.telegram.telegrambots.updatesreceivers.DefaultBotSession$ReaderThread.run(DefaultBotSession.java:188)
2026-02-01 00:46:46 [eccprayerbot Telegram Connection] ERROR o.t.t.u.DefaultBotSession - Error executing org.telegram.telegrambots.meta.api.methods.updates.GetUpdates query: [409] Conflict: terminated by other getUpdates request; make sure that only one bot instance is running
org.telegram.telegrambots.meta.exceptions.TelegramApiRequestException: Error executing org.telegram.telegrambots.meta.api.methods.updates.GetUpdates query: [409] Conflict: terminated by other getUpdates request; make sure that only one bot instance is running
	at org.telegram.telegrambots.meta.api.methods.PartialBotApiMethod.deserializeResponseInternal(PartialBotApiMethod.java:54)
	at org.telegram.telegrambots.meta.api.methods.PartialBotApiMethod.deserializeResponseArray(PartialBotApiMethod.java:39)
	at org.telegram.telegrambots.meta.api.methods.updates.GetUpdates.deserializeResponse(GetUpdates.java:86)
	at org.telegram.telegrambots.updatesreceivers.DefaultBotSession$ReaderThread.getUpdatesFromServer(DefaultBotSession.java:258)
	at org.telegram.telegrambots.updatesreceivers.DefaultBotSession$ReaderThread.run(DefaultBotSession.java:188)
2026-02-01 00:46:50 [eccprayerbot Telegram Connection] ERROR o.t.t.u.DefaultBotSession - Error executing org.telegram.telegrambots.meta.api.methods.updates.GetUpdates query: [409] Conflict: terminated by other getUpdates request; make sure that only one bot instance is running
org.telegram.telegrambots.meta.exceptions.TelegramApiRequestException: Error executing org.telegram.telegrambots.meta.api.methods.updates.GetUpdates query: [409] Conflict: terminated by other getUpdates request; make sure that only one bot instance is running
	at org.telegram.telegrambots.meta.api.methods.PartialBotApiMethod.deserializeResponseInternal(PartialBotApiMethod.java:54)
	at org.telegram.telegrambots.meta.api.methods.PartialBotApiMethod.deserializeResponseArray(PartialBotApiMethod.java:39)
	at org.telegram.telegrambots.meta.api.methods.updates.GetUpdates.deserializeResponse(GetUpdates.java:86)
	at org.telegram.telegrambots.updatesreceivers.DefaultBotSession$ReaderThread.getUpdatesFromServer(DefaultBotSession.java:258)
	at org.telegram.telegrambots.updatesreceivers.DefaultBotSession$ReaderThread.run(DefaultBotSession.java:188)
2026-02-01 00:46:54 [eccprayerbot Telegram Connection] ERROR o.t.t.u.DefaultBotSession - Error executing org.telegram.telegrambots.meta.api.methods.updates.GetUpdates query: [409] Conflict: terminated by other getUpdates request; make sure that only one bot instance is running
org.telegram.telegrambots.meta.exceptions.TelegramApiRequestException: Error executing org.telegram.telegrambots.meta.api.methods.updates.GetUpdates query: [409] Conflict: terminated by other getUpdates request; make sure that only one bot instance is running
	at org.telegram.telegrambots.meta.api.methods.PartialBotApiMethod.deserializeResponseInternal(PartialBotApiMethod.java:54)
	at org.telegram.telegrambots.meta.api.methods.PartialBotApiMethod.deserializeResponseArray(PartialBotApiMethod.java:39)
	at org.telegram.telegrambots.meta.api.methods.updates.GetUpdates.deserializeResponse(GetUpdates.java:86)
	at org.telegram.telegrambots.updatesreceivers.DefaultBotSession$ReaderThread.getUpdatesFromServer(DefaultBotSession.java:258)
	at org.telegram.telegrambots.updatesreceivers.DefaultBotSession$ReaderThread.run(DefaultBotSession.java:188)
2026-02-01 00:46:59 [eccprayerbot Telegram Connection] ERROR o.t.t.u.DefaultBotSession - Error executing org.telegram.telegrambots.meta.api.methods.updates.GetUpdates query: [409] Conflict: terminated by other getUpdates request; make sure that only one bot instance is running
org.telegram.telegrambots.meta.exceptions.TelegramApiRequestException: Error executing org.telegram.telegrambots.meta.api.methods.updates.GetUpdates query: [409] Conflict: terminated by other getUpdates request; make sure that only one bot instance is running
	at org.telegram.telegrambots.meta.api.methods.PartialBotApiMethod.deserializeResponseInternal(PartialBotApiMethod.java:54)
	at org.telegram.telegrambots.meta.api.methods.PartialBotApiMethod.deserializeResponseArray(PartialBotApiMethod.java:39)
	at org.telegram.telegrambots.meta.api.methods.updates.GetUpdates.deserializeResponse(GetUpdates.java:86)
	at org.telegram.telegrambots.updatesreceivers.DefaultBotSession$ReaderThread.getUpdatesFromServer(DefaultBotSession.java:258)
	at org.telegram.telegrambots.updatesreceivers.DefaultBotSession$ReaderThread.run(DefaultBotSession.java:188)
2026-02-01 00:47:03 [eccprayerbot Telegram Connection] ERROR o.t.t.u.DefaultBotSession - Error executing org.telegram.telegrambots.meta.api.methods.updates.GetUpdates query: [409] Conflict: terminated by other getUpdates request; make sure that only one bot instance is running
org.telegram.telegrambots.meta.exceptions.TelegramApiRequestException: Error executing org.telegram.telegrambots.meta.api.methods.updates.GetUpdates query: [409] Conflict: terminated by other getUpdates request; make sure that only one bot instance is running
	at org.telegram.telegrambots.meta.api.methods.PartialBotApiMethod.deserializeResponseInternal(PartialBotApiMethod.java:54)
	at org.telegram.telegrambots.meta.api.methods.PartialBotApiMethod.deserializeResponseArray(PartialBotApiMethod.java:39)
	at org.telegram.telegrambots.meta.api.methods.updates.GetUpdates.deserializeResponse(GetUpdates.java:86)
	at org.telegram.telegrambots.updatesreceivers.DefaultBotSession$ReaderThread.getUpdatesFromServer(DefaultBotSession.java:258)
	at org.telegram.telegrambots.updatesreceivers.DefaultBotSession$ReaderThread.run(DefaultBotSession.java:188)
2026-02-01 00:47:07 [eccprayerbot Telegram Connection] ERROR o.t.t.u.DefaultBotSession - Error executing org.telegram.telegrambots.meta.api.methods.updates.GetUpdates query: [409] Conflict: terminated by other getUpdates request; make sure that only one bot instance is running
org.telegram.telegrambots.meta.exceptions.TelegramApiRequestException: Error executing org.telegram.telegrambots.meta.api.methods.updates.GetUpdates query: [409] Conflict: terminated by other getUpdates request; make sure that only one bot instance is running
	at org.telegram.telegrambots.meta.api.methods.PartialBotApiMethod.deserializeResponseInternal(PartialBotApiMethod.java:54)
	at org.telegram.telegrambots.meta.api.methods.PartialBotApiMethod.deserializeResponseArray(PartialBotApiMethod.java:39)
	at org.telegram.telegrambots.meta.api.methods.updates.GetUpdates.deserializeResponse(GetUpdates.java:86)
	at org.telegram.telegrambots.updatesreceivers.DefaultBotSession$ReaderThread.getUpdatesFromServer(DefaultBotSession.java:258)
	at org.telegram.telegrambots.updatesreceivers.DefaultBotSession$ReaderThread.run(DefaultBotSession.java:188)
2026-02-01 00:47:11 [eccprayerbot Telegram Connection] ERROR o.t.t.u.DefaultBotSession - Error executing org.telegram.telegrambots.meta.api.methods.updates.GetUpdates query: [409] Conflict: terminated by other getUpdates request; make sure that only one bot instance is running
org.telegram.telegrambots.meta.exceptions.TelegramApiRequestException: Error executing org.telegram.telegrambots.meta.api.methods.updates.GetUpdates query: [409] Conflict: terminated by other getUpdates request; make sure that only one bot instance is running
	at org.telegram.telegrambots.meta.api.methods.PartialBotApiMethod.deserializeResponseInternal(PartialBotApiMethod.java:54)
	at org.telegram.telegrambots.meta.api.methods.PartialBotApiMethod.deserializeResponseArray(PartialBotApiMethod.java:39)
	at org.telegram.telegrambots.meta.api.methods.updates.GetUpdates.deserializeResponse(GetUpdates.java:86)
	at org.telegram.telegrambots.updatesreceivers.DefaultBotSession$ReaderThread.getUpdatesFromServer(DefaultBotSession.java:258)
	at org.telegram.telegrambots.updatesreceivers.DefaultBotSession$ReaderThread.run(DefaultBotSession.java:188)
2026-02-01 00:47:16 [eccprayerbot Telegram Connection] ERROR o.t.t.u.DefaultBotSession - Error executing org.telegram.telegrambots.meta.api.methods.updates.GetUpdates query: [409] Conflict: terminated by other getUpdates request; make sure that only one bot instance is running
org.telegram.telegrambots.meta.exceptions.TelegramApiRequestException: Error executing org.telegram.telegrambots.meta.api.methods.updates.GetUpdates query: [409] Conflict: terminated by other getUpdates request; make sure that only one bot instance is running
	at org.telegram.telegrambots.meta.api.methods.PartialBotApiMethod.deserializeResponseInternal(PartialBotApiMethod.java:54)
	at org.telegram.telegrambots.meta.api.methods.PartialBotApiMethod.deserializeResponseArray(PartialBotApiMethod.java:39)
	at org.telegram.telegrambots.meta.api.methods.updates.GetUpdates.deserializeResponse(GetUpdates.java:86)
	at org.telegram.telegrambots.updatesreceivers.DefaultBotSession$ReaderThread.getUpdatesFromServer(DefaultBotSession.java:258)
	at org.telegram.telegrambots.updatesreceivers.DefaultBotSession$ReaderThread.run(DefaultBotSession.java:188)
2026-02-01 00:47:20 [eccprayerbot Telegram Connection] ERROR o.t.t.u.DefaultBotSession - Error executing org.telegram.telegrambots.meta.api.methods.updates.GetUpdates query: [409] Conflict: terminated by other getUpdates request; make sure that only one bot instance is running
org.telegram.telegrambots.meta.exceptions.TelegramApiRequestException: Error executing org.telegram.telegrambots.meta.api.methods.updates.GetUpdates query: [409] Conflict: terminated by other getUpdates request; make sure that only one bot instance is running
	at org.telegram.telegrambots.meta.api.methods.PartialBotApiMethod.deserializeResponseInternal(PartialBotApiMethod.java:54)
	at org.telegram.telegrambots.meta.api.methods.PartialBotApiMethod.deserializeResponseArray(PartialBotApiMethod.java:39)
	at org.telegram.telegrambots.meta.api.methods.updates.GetUpdates.deserializeResponse(GetUpdates.java:86)
	at org.telegram.telegrambots.updatesreceivers.DefaultBotSession$ReaderThread.getUpdatesFromServer(DefaultBotSession.java:258)
	at org.telegram.telegrambots.updatesreceivers.DefaultBotSession$ReaderThread.run(DefaultBotSession.java:188)
2026-02-01 00:47:24 [eccprayerbot Telegram Connection] ERROR o.t.t.u.DefaultBotSession - Error executing org.telegram.telegrambots.meta.api.methods.updates.GetUpdates query: [409] Conflict: terminated by other getUpdates request; make sure that only one bot instance is running
org.telegram.telegrambots.meta.exceptions.TelegramApiRequestException: Error executing org.telegram.telegrambots.meta.api.methods.updates.GetUpdates query: [409] Conflict: terminated by other getUpdates request; make sure that only one bot instance is running
	at org.telegram.telegrambots.meta.api.methods.PartialBotApiMethod.deserializeResponseInternal(PartialBotApiMethod.java:54)
	at org.telegram.telegrambots.meta.api.methods.PartialBotApiMethod.deserializeResponseArray(PartialBotApiMethod.java:39)
	at org.telegram.telegrambots.meta.api.methods.updates.GetUpdates.deserializeResponse(GetUpdates.java:86)
	at org.telegram.telegrambots.updatesreceivers.DefaultBotSession$ReaderThread.getUpdatesFromServer(DefaultBotSession.java:258)
	at org.telegram.telegrambots.updatesreceivers.DefaultBotSession$ReaderThread.run(DefaultBotSession.java:188)
2026-02-01 00:47:29 [eccprayerbot Telegram Connection] ERROR o.t.t.u.DefaultBotSession - Error executing org.telegram.telegrambots.meta.api.methods.updates.GetUpdates query: [409] Conflict: terminated by other getUpdates request; make sure that only one bot instance is running
org.telegram.telegrambots.meta.exceptions.TelegramApiRequestException: Error executing org.telegram.telegrambots.meta.api.methods.updates.GetUpdates query: [409] Conflict: terminated by other getUpdates request; make sure that only one bot instance is running
	at org.telegram.telegrambots.meta.api.methods.PartialBotApiMethod.deserializeResponseInternal(PartialBotApiMethod.java:54)
	at org.telegram.telegrambots.meta.api.methods.PartialBotApiMethod.deserializeResponseArray(PartialBotApiMethod.java:39)
	at org.telegram.telegrambots.meta.api.methods.updates.GetUpdates.deserializeResponse(GetUpdates.java:86)
	at org.telegram.telegrambots.updatesreceivers.DefaultBotSession$ReaderThread.getUpdatesFromServer(DefaultBotSession.java:258)
	at org.telegram.telegrambots.updatesreceivers.DefaultBotSession$ReaderThread.run(DefaultBotSession.java:188)
2026-02-01 00:47:33 [eccprayerbot Telegram Connection] ERROR o.t.t.u.DefaultBotSession - Error executing org.telegram.telegrambots.meta.api.methods.updates.GetUpdates query: [409] Conflict: terminated by other getUpdates request; make sure that only one bot instance is running
org.telegram.telegrambots.meta.exceptions.TelegramApiRequestException: Error executing org.telegram.telegrambots.meta.api.methods.updates.GetUpdates query: [409] Conflict: terminated by other getUpdates request; make sure that only one bot instance is running
	at org.telegram.telegrambots.meta.api.methods.PartialBotApiMethod.deserializeResponseInternal(PartialBotApiMethod.java:54)
	at org.telegram.telegrambots.meta.api.methods.PartialBotApiMethod.deserializeResponseArray(PartialBotApiMethod.java:39)
	at org.telegram.telegrambots.meta.api.methods.updates.GetUpdates.deserializeResponse(GetUpdates.java:86)
	at org.telegram.telegrambots.updatesreceivers.DefaultBotSession$ReaderThread.getUpdatesFromServer(DefaultBotSession.java:258)
	at org.telegram.telegrambots.updatesreceivers.DefaultBotSession$ReaderThread.run(DefaultBotSession.java:188)
2026-02-01 00:47:37 [eccprayerbot Telegram Connection] ERROR o.t.t.u.DefaultBotSession - Error executing org.telegram.telegrambots.meta.api.methods.updates.GetUpdates query: [409] Conflict: terminated by other getUpdates request; make sure that only one bot instance is running
org.telegram.telegrambots.meta.exceptions.TelegramApiRequestException: Error executing org.telegram.telegrambots.meta.api.methods.updates.GetUpdates query: [409] Conflict: terminated by other getUpdates request; make sure that only one bot instance is running
	at org.telegram.telegrambots.meta.api.methods.PartialBotApiMethod.deserializeResponseInternal(PartialBotApiMethod.java:54)
	at org.telegram.telegrambots.meta.api.methods.PartialBotApiMethod.deserializeResponseArray(PartialBotApiMethod.java:39)
	at org.telegram.telegrambots.meta.api.methods.updates.GetUpdates.deserializeResponse(GetUpdates.java:86)
	at org.telegram.telegrambots.updatesreceivers.DefaultBotSession$ReaderThread.getUpdatesFromServer(DefaultBotSession.java:258)
	at org.telegram.telegrambots.updatesreceivers.DefaultBotSession$ReaderThread.run(DefaultBotSession.java:188)
2026-02-01 00:47:42 [eccprayerbot Telegram Connection] ERROR o.t.t.u.DefaultBotSession - Error executing org.telegram.telegrambots.meta.api.methods.updates.GetUpdates query: [409] Conflict: terminated by other getUpdates request; make sure that only one bot instance is running
org.telegram.telegrambots.meta.exceptions.TelegramApiRequestException: Error executing org.telegram.telegrambots.meta.api.methods.updates.GetUpdates query: [409] Conflict: terminated by other getUpdates request; make sure that only one bot instance is running
	at org.telegram.telegrambots.meta.api.methods.PartialBotApiMethod.deserializeResponseInternal(PartialBotApiMethod.java:54)
	at org.telegram.telegrambots.meta.api.methods.PartialBotApiMethod.deserializeResponseArray(PartialBotApiMethod.java:39)
	at org.telegram.telegrambots.meta.api.methods.updates.GetUpdates.deserializeResponse(GetUpdates.java:86)
	at org.telegram.telegrambots.updatesreceivers.DefaultBotSession$ReaderThread.getUpdatesFromServer(DefaultBotSession.java:258)
	at org.telegram.telegrambots.updatesreceivers.DefaultBotSession$ReaderThread.run(DefaultBotSession.java:188)
2026-02-01 00:47:47 [eccprayerbot Telegram Connection] ERROR o.t.t.u.DefaultBotSession - Error executing org.telegram.telegrambots.meta.api.methods.updates.GetUpdates query: [409] Conflict: terminated by other getUpdates request; make sure that only one bot instance is running
org.telegram.telegrambots.meta.exceptions.TelegramApiRequestException: Error executing org.telegram.telegrambots.meta.api.methods.updates.GetUpdates query: [409] Conflict: terminated by other getUpdates request; make sure that only one bot instance is running
	at org.telegram.telegrambots.meta.api.methods.PartialBotApiMethod.deserializeResponseInternal(PartialBotApiMethod.java:54)
	at org.telegram.telegrambots.meta.api.methods.PartialBotApiMethod.deserializeResponseArray(PartialBotApiMethod.java:39)
	at org.telegram.telegrambots.meta.api.methods.updates.GetUpdates.deserializeResponse(GetUpdates.java:86)
	at org.telegram.telegrambots.updatesreceivers.DefaultBotSession$ReaderThread.getUpdatesFromServer(DefaultBotSession.java:258)
	at org.telegram.telegrambots.updatesreceivers.DefaultBotSession$ReaderThread.run(DefaultBotSession.java:188)
2026-02-01 00:47:51 [eccprayerbot Telegram Connection] ERROR o.t.t.u.DefaultBotSession - Error executing org.telegram.telegrambots.meta.api.methods.updates.GetUpdates query: [409] Conflict: terminated by other getUpdates request; make sure that only one bot instance is running
org.telegram.telegrambots.meta.exceptions.TelegramApiRequestException: Error executing org.telegram.telegrambots.meta.api.methods.updates.GetUpdates query: [409] Conflict: terminated by other getUpdates request; make sure that only one bot instance is running
	at org.telegram.telegrambots.meta.api.methods.PartialBotApiMethod.deserializeResponseInternal(PartialBotApiMethod.java:54)
	at org.telegram.telegrambots.meta.api.methods.PartialBotApiMethod.deserializeResponseArray(PartialBotApiMethod.java:39)
	at org.telegram.telegrambots.meta.api.methods.updates.GetUpdates.deserializeResponse(GetUpdates.java:86)
	at org.telegram.telegrambots.updatesreceivers.DefaultBotSession$ReaderThread.getUpdatesFromServer(DefaultBotSession.java:258)
	at org.telegram.telegrambots.updatesreceivers.DefaultBotSession$ReaderThread.run(DefaultBotSession.java:188)
2026-02-01 00:47:55 [eccprayerbot Telegram Connection] ERROR o.t.t.u.DefaultBotSession - Error executing org.telegram.telegrambots.meta.api.methods.updates.GetUpdates query: [409] Conflict: terminated by other getUpdates request; make sure that only one bot instance is running
org.telegram.telegrambots.meta.exceptions.TelegramApiRequestException: Error executing org.telegram.telegrambots.meta.api.methods.updates.GetUpdates query: [409] Conflict: terminated by other getUpdates request; make sure that only one bot instance is running
	at org.telegram.telegrambots.meta.api.methods.PartialBotApiMethod.deserializeResponseInternal(PartialBotApiMethod.java:54)
	at org.telegram.telegrambots.meta.api.methods.PartialBotApiMethod.deserializeResponseArray(PartialBotApiMethod.java:39)
	at org.telegram.telegrambots.meta.api.methods.updates.GetUpdates.deserializeResponse(GetUpdates.java:86)
	at org.telegram.telegrambots.updatesreceivers.DefaultBotSession$ReaderThread.getUpdatesFromServer(DefaultBotSession.java:258)
	at org.telegram.telegrambots.updatesreceivers.DefaultBotSession$ReaderThread.run(DefaultBotSession.java:188)
2026-02-01 00:48:00 [eccprayerbot Telegram Connection] ERROR o.t.t.u.DefaultBotSession - Error executing org.telegram.telegrambots.meta.api.methods.updates.GetUpdates query: [409] Conflict: terminated by other getUpdates request; make sure that only one bot instance is running
org.telegram.telegrambots.meta.exceptions.TelegramApiRequestException: Error executing org.telegram.telegrambots.meta.api.methods.updates.GetUpdates query: [409] Conflict: terminated by other getUpdates request; make sure that only one bot instance is running
	at org.telegram.telegrambots.meta.api.methods.PartialBotApiMethod.deserializeResponseInternal(PartialBotApiMethod.java:54)
	at org.telegram.telegrambots.meta.api.methods.PartialBotApiMethod.deserializeResponseArray(PartialBotApiMethod.java:39)
	at org.telegram.telegrambots.meta.api.methods.updates.GetUpdates.deserializeResponse(GetUpdates.java:86)
	at org.telegram.telegrambots.updatesreceivers.DefaultBotSession$ReaderThread.getUpdatesFromServer(DefaultBotSession.java:258)
	at org.telegram.telegrambots.updatesreceivers.DefaultBotSession$ReaderThread.run(DefaultBotSession.java:188)
2026-02-01 00:48:04 [eccprayerbot Telegram Connection] ERROR o.t.t.u.DefaultBotSession - Error executing org.telegram.telegrambots.meta.api.methods.updates.GetUpdates query: [409] Conflict: terminated by other getUpdates request; make sure that only one bot instance is running
org.telegram.telegrambots.meta.exceptions.TelegramApiRequestException: Error executing org.telegram.telegrambots.meta.api.methods.updates.GetUpdates query: [409] Conflict: terminated by other getUpdates request; make sure that only one bot instance is running
	at org.telegram.telegrambots.meta.api.methods.PartialBotApiMethod.deserializeResponseInternal(PartialBotApiMethod.java:54)
	at org.telegram.telegrambots.meta.api.methods.PartialBotApiMethod.deserializeResponseArray(PartialBotApiMethod.java:39)
	at org.telegram.telegrambots.meta.api.methods.updates.GetUpdates.deserializeResponse(GetUpdates.java:86)
	at org.telegram.telegrambots.updatesreceivers.DefaultBotSession$ReaderThread.getUpdatesFromServer(DefaultBotSession.java:258)
	at org.telegram.telegrambots.updatesreceivers.DefaultBotSession$ReaderThread.run(DefaultBotSession.java:188)
2026-02-01 00:48:08 [eccprayerbot Telegram Connection] ERROR o.t.t.u.DefaultBotSession - Error executing org.telegram.telegrambots.meta.api.methods.updates.GetUpdates query: [409] Conflict: terminated by other getUpdates request; make sure that only one bot instance is running
org.telegram.telegrambots.meta.exceptions.TelegramApiRequestException: Error executing org.telegram.telegrambots.meta.api.methods.updates.GetUpdates query: [409] Conflict: terminated by other getUpdates request; make sure that only one bot instance is running
	at org.telegram.telegrambots.meta.api.methods.PartialBotApiMethod.deserializeResponseInternal(PartialBotApiMethod.java:54)
	at org.telegram.telegrambots.meta.api.methods.PartialBotApiMethod.deserializeResponseArray(PartialBotApiMethod.java:39)
	at org.telegram.telegrambots.meta.api.methods.updates.GetUpdates.deserializeResponse(GetUpdates.java:86)
	at org.telegram.telegrambots.updatesreceivers.DefaultBotSession$ReaderThread.getUpdatesFromServer(DefaultBotSession.java:258)
	at org.telegram.telegrambots.updatesreceivers.DefaultBotSession$ReaderThread.run(DefaultBotSession.java:188)
2026-02-01 00:48:12 [eccprayerbot Telegram Connection] ERROR o.t.t.u.DefaultBotSession - Error executing org.telegram.telegrambots.meta.api.methods.updates.GetUpdates query: [409] Conflict: terminated by other getUpdates request; make sure that only one bot instance is running
org.telegram.telegrambots.meta.exceptions.TelegramApiRequestException: Error executing org.telegram.telegrambots.meta.api.methods.updates.GetUpdates query: [409] Conflict: terminated by other getUpdates request; make sure that only one bot instance is running
	at org.telegram.telegrambots.meta.api.methods.PartialBotApiMethod.deserializeResponseInternal(PartialBotApiMethod.java:54)
	at org.telegram.telegrambots.meta.api.methods.PartialBotApiMethod.deserializeResponseArray(PartialBotApiMethod.java:39)
	at org.telegram.telegrambots.meta.api.methods.updates.GetUpdates.deserializeResponse(GetUpdates.java:86)
	at org.telegram.telegrambots.updatesreceivers.DefaultBotSession$ReaderThread.getUpdatesFromServer(DefaultBotSession.java:258)
	at org.telegram.telegrambots.updatesreceivers.DefaultBotSession$ReaderThread.run(DefaultBotSession.java:188)
2026-02-01 00:48:17 [eccprayerbot Telegram Connection] ERROR o.t.t.u.DefaultBotSession - Error executing org.telegram.telegrambots.meta.api.methods.updates.GetUpdates query: [409] Conflict: terminated by other getUpdates request; make sure that only one bot instance is running
org.telegram.telegrambots.meta.exceptions.TelegramApiRequestException: Error executing org.telegram.telegrambots.meta.api.methods.updates.GetUpdates query: [409] Conflict: terminated by other getUpdates request; make sure that only one bot instance is running
	at org.telegram.telegrambots.meta.api.methods.PartialBotApiMethod.deserializeResponseInternal(PartialBotApiMethod.java:54)
	at org.telegram.telegrambots.meta.api.methods.PartialBotApiMethod.deserializeResponseArray(PartialBotApiMethod.java:39)
	at org.telegram.telegrambots.meta.api.methods.updates.GetUpdates.deserializeResponse(GetUpdates.java:86)
	at org.telegram.telegrambots.updatesreceivers.DefaultBotSession$ReaderThread.getUpdatesFromServer(DefaultBotSession.java:258)
	at org.telegram.telegrambots.updatesreceivers.DefaultBotSession$ReaderThread.run(DefaultBotSession.java:188)
2026-02-01 00:48:21 [eccprayerbot Telegram Connection] ERROR o.t.t.u.DefaultBotSession - Error executing org.telegram.telegrambots.meta.api.methods.updates.GetUpdates query: [409] Conflict: terminated by other getUpdates request; make sure that only one bot instance is running
org.telegram.telegrambots.meta.exceptions.TelegramApiRequestException: Error executing org.telegram.telegrambots.meta.api.methods.updates.GetUpdates query: [409] Conflict: terminated by other getUpdates request; make sure that only one bot instance is running
	at org.telegram.telegrambots.meta.api.methods.PartialBotApiMethod.deserializeResponseInternal(PartialBotApiMethod.java:54)
	at org.telegram.telegrambots.meta.api.methods.PartialBotApiMethod.deserializeResponseArray(PartialBotApiMethod.java:39)
	at org.telegram.telegrambots.meta.api.methods.updates.GetUpdates.deserializeResponse(GetUpdates.java:86)
	at org.telegram.telegrambots.updatesreceivers.DefaultBotSession$ReaderThread.getUpdatesFromServer(DefaultBotSession.java:258)
	at org.telegram.telegrambots.updatesreceivers.DefaultBotSession$ReaderThread.run(DefaultBotSession.java:188)
2026-02-01 00:48:26 [eccprayerbot Telegram Connection] ERROR o.t.t.u.DefaultBotSession - Error executing org.telegram.telegrambots.meta.api.methods.updates.GetUpdates query: [409] Conflict: terminated by other getUpdates request; make sure that only one bot instance is running
org.telegram.telegrambots.meta.exceptions.TelegramApiRequestException: Error executing org.telegram.telegrambots.meta.api.methods.updates.GetUpdates query: [409] Conflict: terminated by other getUpdates request; make sure that only one bot instance is running
	at org.telegram.telegrambots.meta.api.methods.PartialBotApiMethod.deserializeResponseInternal(PartialBotApiMethod.java:54)
	at org.telegram.telegrambots.meta.api.methods.PartialBotApiMethod.deserializeResponseArray(PartialBotApiMethod.java:39)
	at org.telegram.telegrambots.meta.api.methods.updates.GetUpdates.deserializeResponse(GetUpdates.java:86)
	at org.telegram.telegrambots.updatesreceivers.DefaultBotSession$ReaderThread.getUpdatesFromServer(DefaultBotSession.java:258)
	at org.telegram.telegrambots.updatesreceivers.DefaultBotSession$ReaderThread.run(DefaultBotSession.java:188)
2026-02-01 00:48:30 [eccprayerbot Telegram Connection] ERROR o.t.t.u.DefaultBotSession - Error executing org.telegram.telegrambots.meta.api.methods.updates.GetUpdates query: [409] Conflict: terminated by other getUpdates request; make sure that only one bot instance is running
org.telegram.telegrambots.meta.exceptions.TelegramApiRequestException: Error executing org.telegram.telegrambots.meta.api.methods.updates.GetUpdates query: [409] Conflict: terminated by other getUpdates request; make sure that only one bot instance is running
	at org.telegram.telegrambots.meta.api.methods.PartialBotApiMethod.deserializeResponseInternal(PartialBotApiMethod.java:54)
	at org.telegram.telegrambots.meta.api.methods.PartialBotApiMethod.deserializeResponseArray(PartialBotApiMethod.java:39)
	at org.telegram.telegrambots.meta.api.methods.updates.GetUpdates.deserializeResponse(GetUpdates.java:86)
	at org.telegram.telegrambots.updatesreceivers.DefaultBotSession$ReaderThread.getUpdatesFromServer(DefaultBotSession.java:258)
	at org.telegram.telegrambots.updatesreceivers.DefaultBotSession$ReaderThread.run(DefaultBotSession.java:188)
2026-02-01 00:48:34 [eccprayerbot Telegram Connection] ERROR o.t.t.u.DefaultBotSession - Error executing org.telegram.telegrambots.meta.api.methods.updates.GetUpdates query: [409] Conflict: terminated by other getUpdates request; make sure that only one bot instance is running
org.telegram.telegrambots.meta.exceptions.TelegramApiRequestException: Error executing org.telegram.telegrambots.meta.api.methods.updates.GetUpdates query: [409] Conflict: terminated by other getUpdates request; make sure that only one bot instance is running
	at org.telegram.telegrambots.meta.api.methods.PartialBotApiMethod.deserializeResponseInternal(PartialBotApiMethod.java:54)
	at org.telegram.telegrambots.meta.api.methods.PartialBotApiMethod.deserializeResponseArray(PartialBotApiMethod.java:39)
	at org.telegram.telegrambots.meta.api.methods.updates.GetUpdates.deserializeResponse(GetUpdates.java:86)
	at org.telegram.telegrambots.updatesreceivers.DefaultBotSession$ReaderThread.getUpdatesFromServer(DefaultBotSession.java:258)
	at org.telegram.telegrambots.updatesreceivers.DefaultBotSession$ReaderThread.run(DefaultBotSession.java:188)
2026-02-01 00:48:38 [eccprayerbot Telegram Connection] ERROR o.t.t.u.DefaultBotSession - Error executing org.telegram.telegrambots.meta.api.methods.updates.GetUpdates query: [409] Conflict: terminated by other getUpdates request; make sure that only one bot instance is running
org.telegram.telegrambots.meta.exceptions.TelegramApiRequestException: Error executing org.telegram.telegrambots.meta.api.methods.updates.GetUpdates query: [409] Conflict: terminated by other getUpdates request; make sure that only one bot instance is running
	at org.telegram.telegrambots.meta.api.methods.PartialBotApiMethod.deserializeResponseInternal(PartialBotApiMethod.java:54)
	at org.telegram.telegrambots.meta.api.methods.PartialBotApiMethod.deserializeResponseArray(PartialBotApiMethod.java:39)
	at org.telegram.telegrambots.meta.api.methods.updates.GetUpdates.deserializeResponse(GetUpdates.java:86)
	at org.telegram.telegrambots.updatesreceivers.DefaultBotSession$ReaderThread.getUpdatesFromServer(DefaultBotSession.java:258)
	at org.telegram.telegrambots.updatesreceivers.DefaultBotSession$ReaderThread.run(DefaultBotSession.java:188)
2026-02-01 00:48:43 [eccprayerbot Telegram Connection] ERROR o.t.t.u.DefaultBotSession - Error executing org.telegram.telegrambots.meta.api.methods.updates.GetUpdates query: [409] Conflict: terminated by other getUpdates request; make sure that only one bot instance is running
org.telegram.telegrambots.meta.exceptions.TelegramApiRequestException: Error executing org.telegram.telegrambots.meta.api.methods.updates.GetUpdates query: [409] Conflict: terminated by other getUpdates request; make sure that only one bot instance is running
	at org.telegram.telegrambots.meta.api.methods.PartialBotApiMethod.deserializeResponseInternal(PartialBotApiMethod.java:54)
	at org.telegram.telegrambots.meta.api.methods.PartialBotApiMethod.deserializeResponseArray(PartialBotApiMethod.java:39)
	at org.telegram.telegrambots.meta.api.methods.updates.GetUpdates.deserializeResponse(GetUpdates.java:86)
	at org.telegram.telegrambots.updatesreceivers.DefaultBotSession$ReaderThread.getUpdatesFromServer(DefaultBotSession.java:258)
	at org.telegram.telegrambots.updatesreceivers.DefaultBotSession$ReaderThread.run(DefaultBotSession.java:188)
2026-02-01 00:48:47 [eccprayerbot Telegram Connection] ERROR o.t.t.u.DefaultBotSession - Error executing org.telegram.telegrambots.meta.api.methods.updates.GetUpdates query: [409] Conflict: terminated by other getUpdates request; make sure that only one bot instance is running
org.telegram.telegrambots.meta.exceptions.TelegramApiRequestException: Error executing org.telegram.telegrambots.meta.api.methods.updates.GetUpdates query: [409] Conflict: terminated by other getUpdates request; make sure that only one bot instance is running
	at org.telegram.telegrambots.meta.api.methods.PartialBotApiMethod.deserializeResponseInternal(PartialBotApiMethod.java:54)
	at org.telegram.telegrambots.meta.api.methods.PartialBotApiMethod.deserializeResponseArray(PartialBotApiMethod.java:39)
	at org.telegram.telegrambots.meta.api.methods.updates.GetUpdates.deserializeResponse(GetUpdates.java:86)
	at org.telegram.telegrambots.updatesreceivers.DefaultBotSession$ReaderThread.getUpdatesFromServer(DefaultBotSession.java:258)
	at org.telegram.telegrambots.updatesreceivers.DefaultBotSession$ReaderThread.run(DefaultBotSession.java:188)
2026-02-01 00:48:51 [eccprayerbot Telegram Connection] ERROR o.t.t.u.DefaultBotSession - Error executing org.telegram.telegrambots.meta.api.methods.updates.GetUpdates query: [409] Conflict: terminated by other getUpdates request; make sure that only one bot instance is running
org.telegram.telegrambots.meta.exceptions.TelegramApiRequestException: Error executing org.telegram.telegrambots.meta.api.methods.updates.GetUpdates query: [409] Conflict: terminated by other getUpdates request; make sure that only one bot instance is running
	at org.telegram.telegrambots.meta.api.methods.PartialBotApiMethod.deserializeResponseInternal(PartialBotApiMethod.java:54)
	at org.telegram.telegrambots.meta.api.methods.PartialBotApiMethod.deserializeResponseArray(PartialBotApiMethod.java:39)
	at org.telegram.telegrambots.meta.api.methods.updates.GetUpdates.deserializeResponse(GetUpdates.java:86)
	at org.telegram.telegrambots.updatesreceivers.DefaultBotSession$ReaderThread.getUpdatesFromServer(DefaultBotSession.java:258)
	at org.telegram.telegrambots.updatesreceivers.DefaultBotSession$ReaderThread.run(DefaultBotSession.java:188)
2026-02-01 00:48:56 [eccprayerbot Telegram Connection] ERROR o.t.t.u.DefaultBotSession - Error executing org.telegram.telegrambots.meta.api.methods.updates.GetUpdates query: [409] Conflict: terminated by other getUpdates request; make sure that only one bot instance is running
org.telegram.telegrambots.meta.exceptions.TelegramApiRequestException: Error executing org.telegram.telegrambots.meta.api.methods.updates.GetUpdates query: [409] Conflict: terminated by other getUpdates request; make sure that only one bot instance is running
	at org.telegram.telegrambots.meta.api.methods.PartialBotApiMethod.deserializeResponseInternal(PartialBotApiMethod.java:54)
	at org.telegram.telegrambots.meta.api.methods.PartialBotApiMethod.deserializeResponseArray(PartialBotApiMethod.java:39)
	at org.telegram.telegrambots.meta.api.methods.updates.GetUpdates.deserializeResponse(GetUpdates.java:86)
	at org.telegram.telegrambots.updatesreceivers.DefaultBotSession$ReaderThread.getUpdatesFromServer(DefaultBotSession.java:258)
	at org.telegram.telegrambots.updatesreceivers.DefaultBotSession$ReaderThread.run(DefaultBotSession.java:188)
2026-02-01 00:49:00 [eccprayerbot Telegram Connection] ERROR o.t.t.u.DefaultBotSession - Error executing org.telegram.telegrambots.meta.api.methods.updates.GetUpdates query: [409] Conflict: terminated by other getUpdates request; make sure that only one bot instance is running
org.telegram.telegrambots.meta.exceptions.TelegramApiRequestException: Error executing org.telegram.telegrambots.meta.api.methods.updates.GetUpdates query: [409] Conflict: terminated by other getUpdates request; make sure that only one bot instance is running
	at org.telegram.telegrambots.meta.api.methods.PartialBotApiMethod.deserializeResponseInternal(PartialBotApiMethod.java:54)
	at org.telegram.telegrambots.meta.api.methods.PartialBotApiMethod.deserializeResponseArray(PartialBotApiMethod.java:39)
	at org.telegram.telegrambots.meta.api.methods.updates.GetUpdates.deserializeResponse(GetUpdates.java:86)
	at org.telegram.telegrambots.updatesreceivers.DefaultBotSession$ReaderThread.getUpdatesFromServer(DefaultBotSession.java:258)
	at org.telegram.telegrambots.updatesreceivers.DefaultBotSession$ReaderThread.run(DefaultBotSession.java:188)
2026-02-01 00:49:05 [eccprayerbot Telegram Connection] ERROR o.t.t.u.DefaultBotSession - Error executing org.telegram.telegrambots.meta.api.methods.updates.GetUpdates query: [409] Conflict: terminated by other getUpdates request; make sure that only one bot instance is running
org.telegram.telegrambots.meta.exceptions.TelegramApiRequestException: Error executing org.telegram.telegrambots.meta.api.methods.updates.GetUpdates query: [409] Conflict: terminated by other getUpdates request; make sure that only one bot instance is running
	at org.telegram.telegrambots.meta.api.methods.PartialBotApiMethod.deserializeResponseInternal(PartialBotApiMethod.java:54)
	at org.telegram.telegrambots.meta.api.methods.PartialBotApiMethod.deserializeResponseArray(PartialBotApiMethod.java:39)
	at org.telegram.telegrambots.meta.api.methods.updates.GetUpdates.deserializeResponse(GetUpdates.java:86)
	at org.telegram.telegrambots.updatesreceivers.DefaultBotSession$ReaderThread.getUpdatesFromServer(DefaultBotSession.java:258)
	at org.telegram.telegrambots.updatesreceivers.DefaultBotSession$ReaderThread.run(DefaultBotSession.java:188)
2026-02-01 00:49:09 [eccprayerbot Telegram Connection] ERROR o.t.t.u.DefaultBotSession - Error executing org.telegram.telegrambots.meta.api.methods.updates.GetUpdates query: [409] Conflict: terminated by other getUpdates request; make sure that only one bot instance is running
org.telegram.telegrambots.meta.exceptions.TelegramApiRequestException: Error executing org.telegram.telegrambots.meta.api.methods.updates.GetUpdates query: [409] Conflict: terminated by other getUpdates request; make sure that only one bot instance is running
	at org.telegram.telegrambots.meta.api.methods.PartialBotApiMethod.deserializeResponseInternal(PartialBotApiMethod.java:54)
	at org.telegram.telegrambots.meta.api.methods.PartialBotApiMethod.deserializeResponseArray(PartialBotApiMethod.java:39)
	at org.telegram.telegrambots.meta.api.methods.updates.GetUpdates.deserializeResponse(GetUpdates.java:86)
	at org.telegram.telegrambots.updatesreceivers.DefaultBotSession$ReaderThread.getUpdatesFromServer(DefaultBotSession.java:258)
	at org.telegram.telegrambots.updatesreceivers.DefaultBotSession$ReaderThread.run(DefaultBotSession.java:188)
2026-02-01 00:49:13 [eccprayerbot Telegram Connection] ERROR o.t.t.u.DefaultBotSession - Error executing org.telegram.telegrambots.meta.api.methods.updates.GetUpdates query: [409] Conflict: terminated by other getUpdates request; make sure that only one bot instance is running
org.telegram.telegrambots.meta.exceptions.TelegramApiRequestException: Error executing org.telegram.telegrambots.meta.api.methods.updates.GetUpdates query: [409] Conflict: terminated by other getUpdates request; make sure that only one bot instance is running
	at org.telegram.telegrambots.meta.api.methods.PartialBotApiMethod.deserializeResponseInternal(PartialBotApiMethod.java:54)
	at org.telegram.telegrambots.meta.api.methods.PartialBotApiMethod.deserializeResponseArray(PartialBotApiMethod.java:39)
	at org.telegram.telegrambots.meta.api.methods.updates.GetUpdates.deserializeResponse(GetUpdates.java:86)
	at org.telegram.telegrambots.updatesreceivers.DefaultBotSession$ReaderThread.getUpdatesFromServer(DefaultBotSession.java:258)
	at org.telegram.telegrambots.updatesreceivers.DefaultBotSession$ReaderThread.run(DefaultBotSession.java:188)
2026-02-01 00:49:17 [eccprayerbot Telegram Connection] ERROR o.t.t.u.DefaultBotSession - Error executing org.telegram.telegrambots.meta.api.methods.updates.GetUpdates query: [409] Conflict: terminated by other getUpdates request; make sure that only one bot instance is running
org.telegram.telegrambots.meta.exceptions.TelegramApiRequestException: Error executing org.telegram.telegrambots.meta.api.methods.updates.GetUpdates query: [409] Conflict: terminated by other getUpdates request; make sure that only one bot instance is running
	at org.telegram.telegrambots.meta.api.methods.PartialBotApiMethod.deserializeResponseInternal(PartialBotApiMethod.java:54)
	at org.telegram.telegrambots.meta.api.methods.PartialBotApiMethod.deserializeResponseArray(PartialBotApiMethod.java:39)
	at org.telegram.telegrambots.meta.api.methods.updates.GetUpdates.deserializeResponse(GetUpdates.java:86)
	at org.telegram.telegrambots.updatesreceivers.DefaultBotSession$ReaderThread.getUpdatesFromServer(DefaultBotSession.java:258)
	at org.telegram.telegrambots.updatesreceivers.DefaultBotSession$ReaderThread.run(DefaultBotSession.java:188)
2026-02-01 00:49:22 [eccprayerbot Telegram Connection] ERROR o.t.t.u.DefaultBotSession - Error executing org.telegram.telegrambots.meta.api.methods.updates.GetUpdates query: [409] Conflict: terminated by other getUpdates request; make sure that only one bot instance is running
org.telegram.telegrambots.meta.exceptions.TelegramApiRequestException: Error executing org.telegram.telegrambots.meta.api.methods.updates.GetUpdates query: [409] Conflict: terminated by other getUpdates request; make sure that only one bot instance is running
	at org.telegram.telegrambots.meta.api.methods.PartialBotApiMethod.deserializeResponseInternal(PartialBotApiMethod.java:54)
	at org.telegram.telegrambots.meta.api.methods.PartialBotApiMethod.deserializeResponseArray(PartialBotApiMethod.java:39)
	at org.telegram.telegrambots.meta.api.methods.updates.GetUpdates.deserializeResponse(GetUpdates.java:86)
	at org.telegram.telegrambots.updatesreceivers.DefaultBotSession$ReaderThread.getUpdatesFromServer(DefaultBotSession.java:258)
	at org.telegram.telegrambots.updatesreceivers.DefaultBotSession$ReaderThread.run(DefaultBotSession.java:188)
2026-02-01 00:49:26 [eccprayerbot Telegram Connection] ERROR o.t.t.u.DefaultBotSession - Error executing org.telegram.telegrambots.meta.api.methods.updates.GetUpdates query: [409] Conflict: terminated by other getUpdates request; make sure that only one bot instance is running
org.telegram.telegrambots.meta.exceptions.TelegramApiRequestException: Error executing org.telegram.telegrambots.meta.api.methods.updates.GetUpdates query: [409] Conflict: terminated by other getUpdates request; make sure that only one bot instance is running
	at org.telegram.telegrambots.meta.api.methods.PartialBotApiMethod.deserializeResponseInternal(PartialBotApiMethod.java:54)
	at org.telegram.telegrambots.meta.api.methods.PartialBotApiMethod.deserializeResponseArray(PartialBotApiMethod.java:39)
	at org.telegram.telegrambots.meta.api.methods.updates.GetUpdates.deserializeResponse(GetUpdates.java:86)
	at org.telegram.telegrambots.updatesreceivers.DefaultBotSession$ReaderThread.getUpdatesFromServer(DefaultBotSession.java:258)
	at org.telegram.telegrambots.updatesreceivers.DefaultBotSession$ReaderThread.run(DefaultBotSession.java:188)
2026-02-01 00:49:30 [eccprayerbot Telegram Connection] ERROR o.t.t.u.DefaultBotSession - Error executing org.telegram.telegrambots.meta.api.methods.updates.GetUpdates query: [409] Conflict: terminated by other getUpdates request; make sure that only one bot instance is running
org.telegram.telegrambots.meta.exceptions.TelegramApiRequestException: Error executing org.telegram.telegrambots.meta.api.methods.updates.GetUpdates query: [409] Conflict: terminated by other getUpdates request; make sure that only one bot instance is running
	at org.telegram.telegrambots.meta.api.methods.PartialBotApiMethod.deserializeResponseInternal(PartialBotApiMethod.java:54)
	at org.telegram.telegrambots.meta.api.methods.PartialBotApiMethod.deserializeResponseArray(PartialBotApiMethod.java:39)
	at org.telegram.telegrambots.meta.api.methods.updates.GetUpdates.deserializeResponse(GetUpdates.java:86)
	at org.telegram.telegrambots.updatesreceivers.DefaultBotSession$ReaderThread.getUpdatesFromServer(DefaultBotSession.java:258)
	at org.telegram.telegrambots.updatesreceivers.DefaultBotSession$ReaderThread.run(DefaultBotSession.java:188)
2026-02-01 00:49:34 [eccprayerbot Telegram Connection] ERROR o.t.t.u.DefaultBotSession - Error executing org.telegram.telegrambots.meta.api.methods.updates.GetUpdates query: [409] Conflict: terminated by other getUpdates request; make sure that only one bot instance is running
org.telegram.telegrambots.meta.exceptions.TelegramApiRequestException: Error executing org.telegram.telegrambots.meta.api.methods.updates.GetUpdates query: [409] Conflict: terminated by other getUpdates request; make sure that only one bot instance is running
	at org.telegram.telegrambots.meta.api.methods.PartialBotApiMethod.deserializeResponseInternal(PartialBotApiMethod.java:54)
	at org.telegram.telegrambots.meta.api.methods.PartialBotApiMethod.deserializeResponseArray(PartialBotApiMethod.java:39)
	at org.telegram.telegrambots.meta.api.methods.updates.GetUpdates.deserializeResponse(GetUpdates.java:86)
	at org.telegram.telegrambots.updatesreceivers.DefaultBotSession$ReaderThread.getUpdatesFromServer(DefaultBotSession.java:258)
	at org.telegram.telegrambots.updatesreceivers.DefaultBotSession$ReaderThread.run(DefaultBotSession.java:188)
2026-02-01 00:49:39 [eccprayerbot Telegram Connection] ERROR o.t.t.u.DefaultBotSession - Error executing org.telegram.telegrambots.meta.api.methods.updates.GetUpdates query: [409] Conflict: terminated by other getUpdates request; make sure that only one bot instance is running
org.telegram.telegrambots.meta.exceptions.TelegramApiRequestException: Error executing org.telegram.telegrambots.meta.api.methods.updates.GetUpdates query: [409] Conflict: terminated by other getUpdates request; make sure that only one bot instance is running
	at org.telegram.telegrambots.meta.api.methods.PartialBotApiMethod.deserializeResponseInternal(PartialBotApiMethod.java:54)
	at org.telegram.telegrambots.meta.api.methods.PartialBotApiMethod.deserializeResponseArray(PartialBotApiMethod.java:39)
	at org.telegram.telegrambots.meta.api.methods.updates.GetUpdates.deserializeResponse(GetUpdates.java:86)
	at org.telegram.telegrambots.updatesreceivers.DefaultBotSession$ReaderThread.getUpdatesFromServer(DefaultBotSession.java:258)
	at org.telegram.telegrambots.updatesreceivers.DefaultBotSession$ReaderThread.run(DefaultBotSession.java:188)
2026-02-01 00:49:43 [eccprayerbot Telegram Connection] ERROR o.t.t.u.DefaultBotSession - Error executing org.telegram.telegrambots.meta.api.methods.updates.GetUpdates query: [409] Conflict: terminated by other getUpdates request; make sure that only one bot instance is running
org.telegram.telegrambots.meta.exceptions.TelegramApiRequestException: Error executing org.telegram.telegrambots.meta.api.methods.updates.GetUpdates query: [409] Conflict: terminated by other getUpdates request; make sure that only one bot instance is running
	at org.telegram.telegrambots.meta.api.methods.PartialBotApiMethod.deserializeResponseInternal(PartialBotApiMethod.java:54)
	at org.telegram.telegrambots.meta.api.methods.PartialBotApiMethod.deserializeResponseArray(PartialBotApiMethod.java:39)
	at org.telegram.telegrambots.meta.api.methods.updates.GetUpdates.deserializeResponse(GetUpdates.java:86)
	at org.telegram.telegrambots.updatesreceivers.DefaultBotSession$ReaderThread.getUpdatesFromServer(DefaultBotSession.java:258)
	at org.telegram.telegrambots.updatesreceivers.DefaultBotSession$ReaderThread.run(DefaultBotSession.java:188)
2026-02-01 00:49:47 [eccprayerbot Telegram Connection] ERROR o.t.t.u.DefaultBotSession - Error executing org.telegram.telegrambots.meta.api.methods.updates.GetUpdates query: [409] Conflict: terminated by other getUpdates request; make sure that only one bot instance is running
org.telegram.telegrambots.meta.exceptions.TelegramApiRequestException: Error executing org.telegram.telegrambots.meta.api.methods.updates.GetUpdates query: [409] Conflict: terminated by other getUpdates request; make sure that only one bot instance is running
	at org.telegram.telegrambots.meta.api.methods.PartialBotApiMethod.deserializeResponseInternal(PartialBotApiMethod.java:54)
	at org.telegram.telegrambots.meta.api.methods.PartialBotApiMethod.deserializeResponseArray(PartialBotApiMethod.java:39)
	at org.telegram.telegrambots.meta.api.methods.updates.GetUpdates.deserializeResponse(GetUpdates.java:86)
	at org.telegram.telegrambots.updatesreceivers.DefaultBotSession$ReaderThread.getUpdatesFromServer(DefaultBotSession.java:258)
	at org.telegram.telegrambots.updatesreceivers.DefaultBotSession$ReaderThread.run(DefaultBotSession.java:188)
2026-02-01 00:49:52 [eccprayerbot Telegram Connection] ERROR o.t.t.u.DefaultBotSession - Error executing org.telegram.telegrambots.meta.api.methods.updates.GetUpdates query: [409] Conflict: terminated by other getUpdates request; make sure that only one bot instance is running
org.telegram.telegrambots.meta.exceptions.TelegramApiRequestException: Error executing org.telegram.telegrambots.meta.api.methods.updates.GetUpdates query: [409] Conflict: terminated by other getUpdates request; make sure that only one bot instance is running
	at org.telegram.telegrambots.meta.api.methods.PartialBotApiMethod.deserializeResponseInternal(PartialBotApiMethod.java:54)
	at org.telegram.telegrambots.meta.api.methods.PartialBotApiMethod.deserializeResponseArray(PartialBotApiMethod.java:39)
	at org.telegram.telegrambots.meta.api.methods.updates.GetUpdates.deserializeResponse(GetUpdates.java:86)
	at org.telegram.telegrambots.updatesreceivers.DefaultBotSession$ReaderThread.getUpdatesFromServer(DefaultBotSession.java:258)
	at org.telegram.telegrambots.updatesreceivers.DefaultBotSession$ReaderThread.run(DefaultBotSession.java:188)
2026-02-01 00:49:56 [eccprayerbot Telegram Connection] ERROR o.t.t.u.DefaultBotSession - Error executing org.telegram.telegrambots.meta.api.methods.updates.GetUpdates query: [409] Conflict: terminated by other getUpdates request; make sure that only one bot instance is running
org.telegram.telegrambots.meta.exceptions.TelegramApiRequestException: Error executing org.telegram.telegrambots.meta.api.methods.updates.GetUpdates query: [409] Conflict: terminated by other getUpdates request; make sure that only one bot instance is running
	at org.telegram.telegrambots.meta.api.methods.PartialBotApiMethod.deserializeResponseInternal(PartialBotApiMethod.java:54)
	at org.telegram.telegrambots.meta.api.methods.PartialBotApiMethod.deserializeResponseArray(PartialBotApiMethod.java:39)
	at org.telegram.telegrambots.meta.api.methods.updates.GetUpdates.deserializeResponse(GetUpdates.java:86)
	at org.telegram.telegrambots.updatesreceivers.DefaultBotSession$ReaderThread.getUpdatesFromServer(DefaultBotSession.java:258)
	at org.telegram.telegrambots.updatesreceivers.DefaultBotSession$ReaderThread.run(DefaultBotSession.java:188)
2026-02-01 00:50:00 [eccprayerbot Telegram Connection] ERROR o.t.t.u.DefaultBotSession - Error executing org.telegram.telegrambots.meta.api.methods.updates.GetUpdates query: [409] Conflict: terminated by other getUpdates request; make sure that only one bot instance is running
org.telegram.telegrambots.meta.exceptions.TelegramApiRequestException: Error executing org.telegram.telegrambots.meta.api.methods.updates.GetUpdates query: [409] Conflict: terminated by other getUpdates request; make sure that only one bot instance is running
	at org.telegram.telegrambots.meta.api.methods.PartialBotApiMethod.deserializeResponseInternal(PartialBotApiMethod.java:54)
	at org.telegram.telegrambots.meta.api.methods.PartialBotApiMethod.deserializeResponseArray(PartialBotApiMethod.java:39)
	at org.telegram.telegrambots.meta.api.methods.updates.GetUpdates.deserializeResponse(GetUpdates.java:86)
	at org.telegram.telegrambots.updatesreceivers.DefaultBotSession$ReaderThread.getUpdatesFromServer(DefaultBotSession.java:258)
	at org.telegram.telegrambots.updatesreceivers.DefaultBotSession$ReaderThread.run(DefaultBotSession.java:188)
2026-02-01 00:50:05 [eccprayerbot Telegram Connection] ERROR o.t.t.u.DefaultBotSession - Error executing org.telegram.telegrambots.meta.api.methods.updates.GetUpdates query: [409] Conflict: terminated by other getUpdates request; make sure that only one bot instance is running
org.telegram.telegrambots.meta.exceptions.TelegramApiRequestException: Error executing org.telegram.telegrambots.meta.api.methods.updates.GetUpdates query: [409] Conflict: terminated by other getUpdates request; make sure that only one bot instance is running
	at org.telegram.telegrambots.meta.api.methods.PartialBotApiMethod.deserializeResponseInternal(PartialBotApiMethod.java:54)
	at org.telegram.telegrambots.meta.api.methods.PartialBotApiMethod.deserializeResponseArray(PartialBotApiMethod.java:39)
	at org.telegram.telegrambots.meta.api.methods.updates.GetUpdates.deserializeResponse(GetUpdates.java:86)
	at org.telegram.telegrambots.updatesreceivers.DefaultBotSession$ReaderThread.getUpdatesFromServer(DefaultBotSession.java:258)
	at org.telegram.telegrambots.updatesreceivers.DefaultBotSession$ReaderThread.run(DefaultBotSession.java:188)
2026-02-01 00:50:10 [eccprayerbot Telegram Connection] ERROR o.t.t.u.DefaultBotSession - Error executing org.telegram.telegrambots.meta.api.methods.updates.GetUpdates query: [409] Conflict: terminated by other getUpdates request; make sure that only one bot instance is running
org.telegram.telegrambots.meta.exceptions.TelegramApiRequestException: Error executing org.telegram.telegrambots.meta.api.methods.updates.GetUpdates query: [409] Conflict: terminated by other getUpdates request; make sure that only one bot instance is running
	at org.telegram.telegrambots.meta.api.methods.PartialBotApiMethod.deserializeResponseInternal(PartialBotApiMethod.java:54)
	at org.telegram.telegrambots.meta.api.methods.PartialBotApiMethod.deserializeResponseArray(PartialBotApiMethod.java:39)
	at org.telegram.telegrambots.meta.api.methods.updates.GetUpdates.deserializeResponse(GetUpdates.java:86)
	at org.telegram.telegrambots.updatesreceivers.DefaultBotSession$ReaderThread.getUpdatesFromServer(DefaultBotSession.java:258)
	at org.telegram.telegrambots.updatesreceivers.DefaultBotSession$ReaderThread.run(DefaultBotSession.java:188)
2026-02-01 00:50:14 [eccprayerbot Telegram Connection] ERROR o.t.t.u.DefaultBotSession - Error executing org.telegram.telegrambots.meta.api.methods.updates.GetUpdates query: [409] Conflict: terminated by other getUpdates request; make sure that only one bot instance is running
org.telegram.telegrambots.meta.exceptions.TelegramApiRequestException: Error executing org.telegram.telegrambots.meta.api.methods.updates.GetUpdates query: [409] Conflict: terminated by other getUpdates request; make sure that only one bot instance is running
	at org.telegram.telegrambots.meta.api.methods.PartialBotApiMethod.deserializeResponseInternal(PartialBotApiMethod.java:54)
	at org.telegram.telegrambots.meta.api.methods.PartialBotApiMethod.deserializeResponseArray(PartialBotApiMethod.java:39)
	at org.telegram.telegrambots.meta.api.methods.updates.GetUpdates.deserializeResponse(GetUpdates.java:86)
	at org.telegram.telegrambots.updatesreceivers.DefaultBotSession$ReaderThread.getUpdatesFromServer(DefaultBotSession.java:258)
	at org.telegram.telegrambots.updatesreceivers.DefaultBotSession$ReaderThread.run(DefaultBotSession.java:188)
2026-02-01 00:50:18 [eccprayerbot Telegram Connection] ERROR o.t.t.u.DefaultBotSession - Error executing org.telegram.telegrambots.meta.api.methods.updates.GetUpdates query: [409] Conflict: terminated by other getUpdates request; make sure that only one bot instance is running
org.telegram.telegrambots.meta.exceptions.TelegramApiRequestException: Error executing org.telegram.telegrambots.meta.api.methods.updates.GetUpdates query: [409] Conflict: terminated by other getUpdates request; make sure that only one bot instance is running
	at org.telegram.telegrambots.meta.api.methods.PartialBotApiMethod.deserializeResponseInternal(PartialBotApiMethod.java:54)
	at org.telegram.telegrambots.meta.api.methods.PartialBotApiMethod.deserializeResponseArray(PartialBotApiMethod.java:39)
	at org.telegram.telegrambots.meta.api.methods.updates.GetUpdates.deserializeResponse(GetUpdates.java:86)
	at org.telegram.telegrambots.updatesreceivers.DefaultBotSession$ReaderThread.getUpdatesFromServer(DefaultBotSession.java:258)
	at org.telegram.telegrambots.updatesreceivers.DefaultBotSession$ReaderThread.run(DefaultBotSession.java:188)
2026-02-01 00:50:23 [eccprayerbot Telegram Connection] ERROR o.t.t.u.DefaultBotSession - Error executing org.telegram.telegrambots.meta.api.methods.updates.GetUpdates query: [409] Conflict: terminated by other getUpdates request; make sure that only one bot instance is running
org.telegram.telegrambots.meta.exceptions.TelegramApiRequestException: Error executing org.telegram.telegrambots.meta.api.methods.updates.GetUpdates query: [409] Conflict: terminated by other getUpdates request; make sure that only one bot instance is running
	at org.telegram.telegrambots.meta.api.methods.PartialBotApiMethod.deserializeResponseInternal(PartialBotApiMethod.java:54)
	at org.telegram.telegrambots.meta.api.methods.PartialBotApiMethod.deserializeResponseArray(PartialBotApiMethod.java:39)
	at org.telegram.telegrambots.meta.api.methods.updates.GetUpdates.deserializeResponse(GetUpdates.java:86)
	at org.telegram.telegrambots.updatesreceivers.DefaultBotSession$ReaderThread.getUpdatesFromServer(DefaultBotSession.java:258)
	at org.telegram.telegrambots.updatesreceivers.DefaultBotSession$ReaderThread.run(DefaultBotSession.java:188)
2026-02-01 00:50:27 [eccprayerbot Telegram Connection] ERROR o.t.t.u.DefaultBotSession - Error executing org.telegram.telegrambots.meta.api.methods.updates.GetUpdates query: [409] Conflict: terminated by other getUpdates request; make sure that only one bot instance is running
org.telegram.telegrambots.meta.exceptions.TelegramApiRequestException: Error executing org.telegram.telegrambots.meta.api.methods.updates.GetUpdates query: [409] Conflict: terminated by other getUpdates request; make sure that only one bot instance is running
	at org.telegram.telegrambots.meta.api.methods.PartialBotApiMethod.deserializeResponseInternal(PartialBotApiMethod.java:54)
	at org.telegram.telegrambots.meta.api.methods.PartialBotApiMethod.deserializeResponseArray(PartialBotApiMethod.java:39)
	at org.telegram.telegrambots.meta.api.methods.updates.GetUpdates.deserializeResponse(GetUpdates.java:86)
	at org.telegram.telegrambots.updatesreceivers.DefaultBotSession$ReaderThread.getUpdatesFromServer(DefaultBotSession.java:258)
	at org.telegram.telegrambots.updatesreceivers.DefaultBotSession$ReaderThread.run(DefaultBotSession.java:188)
2026-02-01 00:50:31 [eccprayerbot Telegram Connection] ERROR o.t.t.u.DefaultBotSession - Error executing org.telegram.telegrambots.meta.api.methods.updates.GetUpdates query: [409] Conflict: terminated by other getUpdates request; make sure that only one bot instance is running
org.telegram.telegrambots.meta.exceptions.TelegramApiRequestException: Error executing org.telegram.telegrambots.meta.api.methods.updates.GetUpdates query: [409] Conflict: terminated by other getUpdates request; make sure that only one bot instance is running
	at org.telegram.telegrambots.meta.api.methods.PartialBotApiMethod.deserializeResponseInternal(PartialBotApiMethod.java:54)
	at org.telegram.telegrambots.meta.api.methods.PartialBotApiMethod.deserializeResponseArray(PartialBotApiMethod.java:39)
	at org.telegram.telegrambots.meta.api.methods.updates.GetUpdates.deserializeResponse(GetUpdates.java:86)
	at org.telegram.telegrambots.updatesreceivers.DefaultBotSession$ReaderThread.getUpdatesFromServer(DefaultBotSession.java:258)
	at org.telegram.telegrambots.updatesreceivers.DefaultBotSession$ReaderThread.run(DefaultBotSession.java:188)
2026-02-01 00:50:36 [eccprayerbot Telegram Connection] ERROR o.t.t.u.DefaultBotSession - Error executing org.telegram.telegrambots.meta.api.methods.updates.GetUpdates query: [409] Conflict: terminated by other getUpdates request; make sure that only one bot instance is running
org.telegram.telegrambots.meta.exceptions.TelegramApiRequestException: Error executing org.telegram.telegrambots.meta.api.methods.updates.GetUpdates query: [409] Conflict: terminated by other getUpdates request; make sure that only one bot instance is running
	at org.telegram.telegrambots.meta.api.methods.PartialBotApiMethod.deserializeResponseInternal(PartialBotApiMethod.java:54)
	at org.telegram.telegrambots.meta.api.methods.PartialBotApiMethod.deserializeResponseArray(PartialBotApiMethod.java:39)
	at org.telegram.telegrambots.meta.api.methods.updates.GetUpdates.deserializeResponse(GetUpdates.java:86)
	at org.telegram.telegrambots.updatesreceivers.DefaultBotSession$ReaderThread.getUpdatesFromServer(DefaultBotSession.java:258)
	at org.telegram.telegrambots.updatesreceivers.DefaultBotSession$ReaderThread.run(DefaultBotSession.java:188)
2026-02-01 00:50:40 [eccprayerbot Telegram Connection] ERROR o.t.t.u.DefaultBotSession - Error executing org.telegram.telegrambots.meta.api.methods.updates.GetUpdates query: [409] Conflict: terminated by other getUpdates request; make sure that only one bot instance is running
org.telegram.telegrambots.meta.exceptions.TelegramApiRequestException: Error executing org.telegram.telegrambots.meta.api.methods.updates.GetUpdates query: [409] Conflict: terminated by other getUpdates request; make sure that only one bot instance is running
	at org.telegram.telegrambots.meta.api.methods.PartialBotApiMethod.deserializeResponseInternal(PartialBotApiMethod.java:54)
	at org.telegram.telegrambots.meta.api.methods.PartialBotApiMethod.deserializeResponseArray(PartialBotApiMethod.java:39)
	at org.telegram.telegrambots.meta.api.methods.updates.GetUpdates.deserializeResponse(GetUpdates.java:86)
	at org.telegram.telegrambots.updatesreceivers.DefaultBotSession$ReaderThread.getUpdatesFromServer(DefaultBotSession.java:258)
	at org.telegram.telegrambots.updatesreceivers.DefaultBotSession$ReaderThread.run(DefaultBotSession.java:188)
2026-02-01 00:50:44 [eccprayerbot Telegram Connection] ERROR o.t.t.u.DefaultBotSession - Error executing org.telegram.telegrambots.meta.api.methods.updates.GetUpdates query: [409] Conflict: terminated by other getUpdates request; make sure that only one bot instance is running
org.telegram.telegrambots.meta.exceptions.TelegramApiRequestException: Error executing org.telegram.telegrambots.meta.api.methods.updates.GetUpdates query: [409] Conflict: terminated by other getUpdates request; make sure that only one bot instance is running
	at org.telegram.telegrambots.meta.api.methods.PartialBotApiMethod.deserializeResponseInternal(PartialBotApiMethod.java:54)
	at org.telegram.telegrambots.meta.api.methods.PartialBotApiMethod.deserializeResponseArray(PartialBotApiMethod.java:39)
	at org.telegram.telegrambots.meta.api.methods.updates.GetUpdates.deserializeResponse(GetUpdates.java:86)
	at org.telegram.telegrambots.updatesreceivers.DefaultBotSession$ReaderThread.getUpdatesFromServer(DefaultBotSession.java:258)
	at org.telegram.telegrambots.updatesreceivers.DefaultBotSession$ReaderThread.run(DefaultBotSession.java:188)
2026-02-01 00:50:48 [eccprayerbot Telegram Connection] ERROR o.t.t.u.DefaultBotSession - Error executing org.telegram.telegrambots.meta.api.methods.updates.GetUpdates query: [409] Conflict: terminated by other getUpdates request; make sure that only one bot instance is running
org.telegram.telegrambots.meta.exceptions.TelegramApiRequestException: Error executing org.telegram.telegrambots.meta.api.methods.updates.GetUpdates query: [409] Conflict: terminated by other getUpdates request; make sure that only one bot instance is running
	at org.telegram.telegrambots.meta.api.methods.PartialBotApiMethod.deserializeResponseInternal(PartialBotApiMethod.java:54)
	at org.telegram.telegrambots.meta.api.methods.PartialBotApiMethod.deserializeResponseArray(PartialBotApiMethod.java:39)
	at org.telegram.telegrambots.meta.api.methods.updates.GetUpdates.deserializeResponse(GetUpdates.java:86)
	at org.telegram.telegrambots.updatesreceivers.DefaultBotSession$ReaderThread.getUpdatesFromServer(DefaultBotSession.java:258)
	at org.telegram.telegrambots.updatesreceivers.DefaultBotSession$ReaderThread.run(DefaultBotSession.java:188)
2026-02-01 00:50:53 [eccprayerbot Telegram Connection] ERROR o.t.t.u.DefaultBotSession - Error executing org.telegram.telegrambots.meta.api.methods.updates.GetUpdates query: [409] Conflict: terminated by other getUpdates request; make sure that only one bot instance is running
org.telegram.telegrambots.meta.exceptions.TelegramApiRequestException: Error executing org.telegram.telegrambots.meta.api.methods.updates.GetUpdates query: [409] Conflict: terminated by other getUpdates request; make sure that only one bot instance is running
	at org.telegram.telegrambots.meta.api.methods.PartialBotApiMethod.deserializeResponseInternal(PartialBotApiMethod.java:54)
	at org.telegram.telegrambots.meta.api.methods.PartialBotApiMethod.deserializeResponseArray(PartialBotApiMethod.java:39)
	at org.telegram.telegrambots.meta.api.methods.updates.GetUpdates.deserializeResponse(GetUpdates.java:86)
	at org.telegram.telegrambots.updatesreceivers.DefaultBotSession$ReaderThread.getUpdatesFromServer(DefaultBotSession.java:258)
	at org.telegram.telegrambots.updatesreceivers.DefaultBotSession$ReaderThread.run(DefaultBotSession.java:188)
2026-02-01 00:50:57 [eccprayerbot Telegram Connection] ERROR o.t.t.u.DefaultBotSession - Error executing org.telegram.telegrambots.meta.api.methods.updates.GetUpdates query: [409] Conflict: terminated by other getUpdates request; make sure that only one bot instance is running
org.telegram.telegrambots.meta.exceptions.TelegramApiRequestException: Error executing org.telegram.telegrambots.meta.api.methods.updates.GetUpdates query: [409] Conflict: terminated by other getUpdates request; make sure that only one bot instance is running
	at org.telegram.telegrambots.meta.api.methods.PartialBotApiMethod.deserializeResponseInternal(PartialBotApiMethod.java:54)
	at org.telegram.telegrambots.meta.api.methods.PartialBotApiMethod.deserializeResponseArray(PartialBotApiMethod.java:39)
	at org.telegram.telegrambots.meta.api.methods.updates.GetUpdates.deserializeResponse(GetUpdates.java:86)
	at org.telegram.telegrambots.updatesreceivers.DefaultBotSession$ReaderThread.getUpdatesFromServer(DefaultBotSession.java:258)
	at org.telegram.telegrambots.updatesreceivers.DefaultBotSession$ReaderThread.run(DefaultBotSession.java:188)
2026-02-01 00:51:01 [eccprayerbot Telegram Connection] ERROR o.t.t.u.DefaultBotSession - Error executing org.telegram.telegrambots.meta.api.methods.updates.GetUpdates query: [409] Conflict: terminated by other getUpdates request; make sure that only one bot instance is running
org.telegram.telegrambots.meta.exceptions.TelegramApiRequestException: Error executing org.telegram.telegrambots.meta.api.methods.updates.GetUpdates query: [409] Conflict: terminated by other getUpdates request; make sure that only one bot instance is running
	at org.telegram.telegrambots.meta.api.methods.PartialBotApiMethod.deserializeResponseInternal(PartialBotApiMethod.java:54)
	at org.telegram.telegrambots.meta.api.methods.PartialBotApiMethod.deserializeResponseArray(PartialBotApiMethod.java:39)
	at org.telegram.telegrambots.meta.api.methods.updates.GetUpdates.deserializeResponse(GetUpdates.java:86)
	at org.telegram.telegrambots.updatesreceivers.DefaultBotSession$ReaderThread.getUpdatesFromServer(DefaultBotSession.java:258)
	at org.telegram.telegrambots.updatesreceivers.DefaultBotSession$ReaderThread.run(DefaultBotSession.java:188)
2026-02-01 00:51:05 [eccprayerbot Telegram Connection] ERROR o.t.t.u.DefaultBotSession - Error executing org.telegram.telegrambots.meta.api.methods.updates.GetUpdates query: [409] Conflict: terminated by other getUpdates request; make sure that only one bot instance is running
org.telegram.telegrambots.meta.exceptions.TelegramApiRequestException: Error executing org.telegram.telegrambots.meta.api.methods.updates.GetUpdates query: [409] Conflict: terminated by other getUpdates request; make sure that only one bot instance is running
	at org.telegram.telegrambots.meta.api.methods.PartialBotApiMethod.deserializeResponseInternal(PartialBotApiMethod.java:54)
	at org.telegram.telegrambots.meta.api.methods.PartialBotApiMethod.deserializeResponseArray(PartialBotApiMethod.java:39)
	at org.telegram.telegrambots.meta.api.methods.updates.GetUpdates.deserializeResponse(GetUpdates.java:86)
	at org.telegram.telegrambots.updatesreceivers.DefaultBotSession$ReaderThread.getUpdatesFromServer(DefaultBotSession.java:258)
	at org.telegram.telegrambots.updatesreceivers.DefaultBotSession$ReaderThread.run(DefaultBotSession.java:188)
2026-02-01 00:51:10 [eccprayerbot Telegram Connection] ERROR o.t.t.u.DefaultBotSession - Error executing org.telegram.telegrambots.meta.api.methods.updates.GetUpdates query: [409] Conflict: terminated by other getUpdates request; make sure that only one bot instance is running
org.telegram.telegrambots.meta.exceptions.TelegramApiRequestException: Error executing org.telegram.telegrambots.meta.api.methods.updates.GetUpdates query: [409] Conflict: terminated by other getUpdates request; make sure that only one bot instance is running
	at org.telegram.telegrambots.meta.api.methods.PartialBotApiMethod.deserializeResponseInternal(PartialBotApiMethod.java:54)
	at org.telegram.telegrambots.meta.api.methods.PartialBotApiMethod.deserializeResponseArray(PartialBotApiMethod.java:39)
	at org.telegram.telegrambots.meta.api.methods.updates.GetUpdates.deserializeResponse(GetUpdates.java:86)
	at org.telegram.telegrambots.updatesreceivers.DefaultBotSession$ReaderThread.getUpdatesFromServer(DefaultBotSession.java:258)
	at org.telegram.telegrambots.updatesreceivers.DefaultBotSession$ReaderThread.run(DefaultBotSession.java:188)
2026-02-01 00:51:14 [eccprayerbot Telegram Connection] ERROR o.t.t.u.DefaultBotSession - Error executing org.telegram.telegrambots.meta.api.methods.updates.GetUpdates query: [409] Conflict: terminated by other getUpdates request; make sure that only one bot instance is running
org.telegram.telegrambots.meta.exceptions.TelegramApiRequestException: Error executing org.telegram.telegrambots.meta.api.methods.updates.GetUpdates query: [409] Conflict: terminated by other getUpdates request; make sure that only one bot instance is running
	at org.telegram.telegrambots.meta.api.methods.PartialBotApiMethod.deserializeResponseInternal(PartialBotApiMethod.java:54)
	at org.telegram.telegrambots.meta.api.methods.PartialBotApiMethod.deserializeResponseArray(PartialBotApiMethod.java:39)
	at org.telegram.telegrambots.meta.api.methods.updates.GetUpdates.deserializeResponse(GetUpdates.java:86)
	at org.telegram.telegrambots.updatesreceivers.DefaultBotSession$ReaderThread.getUpdatesFromServer(DefaultBotSession.java:258)
	at org.telegram.telegrambots.updatesreceivers.DefaultBotSession$ReaderThread.run(DefaultBotSession.java:188)
2026-02-01 00:51:18 [eccprayerbot Telegram Connection] ERROR o.t.t.u.DefaultBotSession - Error executing org.telegram.telegrambots.meta.api.methods.updates.GetUpdates query: [409] Conflict: terminated by other getUpdates request; make sure that only one bot instance is running
org.telegram.telegrambots.meta.exceptions.TelegramApiRequestException: Error executing org.telegram.telegrambots.meta.api.methods.updates.GetUpdates query: [409] Conflict: terminated by other getUpdates request; make sure that only one bot instance is running
	at org.telegram.telegrambots.meta.api.methods.PartialBotApiMethod.deserializeResponseInternal(PartialBotApiMethod.java:54)
	at org.telegram.telegrambots.meta.api.methods.PartialBotApiMethod.deserializeResponseArray(PartialBotApiMethod.java:39)
	at org.telegram.telegrambots.meta.api.methods.updates.GetUpdates.deserializeResponse(GetUpdates.java:86)
	at org.telegram.telegrambots.updatesreceivers.DefaultBotSession$ReaderThread.getUpdatesFromServer(DefaultBotSession.java:258)
	at org.telegram.telegrambots.updatesreceivers.DefaultBotSession$ReaderThread.run(DefaultBotSession.java:188)
2026-02-01 00:51:19 [eccprayerbot Telegram Connection] ERROR o.t.t.u.DefaultBotSession - Connection reset
java.net.SocketException: Connection reset
	at java.base/sun.nio.ch.NioSocketImpl.implRead(NioSocketImpl.java:317)
	at java.base/sun.nio.ch.NioSocketImpl.read(NioSocketImpl.java:345)
	at java.base/sun.nio.ch.NioSocketImpl$1.read(NioSocketImpl.java:790)
	at java.base/java.net.Socket$SocketInputStream.implRead(Socket.java:983)
	at java.base/java.net.Socket$SocketInputStream.read(Socket.java:970)
	at java.base/sun.security.ssl.SSLSocketInputRecord.read(SSLSocketInputRecord.java:489)
	at java.base/sun.security.ssl.SSLSocketInputRecord.readHeader(SSLSocketInputRecord.java:483)
	at java.base/sun.security.ssl.SSLSocketInputRecord.decode(SSLSocketInputRecord.java:160)
	at java.base/sun.security.ssl.SSLTransport.decode(SSLTransport.java:111)
	at java.base/sun.security.ssl.SSLSocketImpl.decode(SSLSocketImpl.java:1506)
	at java.base/sun.security.ssl.SSLSocketImpl.readHandshakeRecord(SSLSocketImpl.java:1421)
	at java.base/sun.security.ssl.SSLSocketImpl.startHandshake(SSLSocketImpl.java:455)
	at java.base/sun.security.ssl.SSLSocketImpl.startHandshake(SSLSocketImpl.java:426)
	at org.apache.http.conn.ssl.SSLConnectionSocketFactory.createLayeredSocket(SSLConnectionSocketFactory.java:436)
	at org.apache.http.conn.ssl.SSLConnectionSocketFactory.connectSocket(SSLConnectionSocketFactory.java:384)
	at org.apache.http.impl.conn.DefaultHttpClientConnectionOperator.connect(DefaultHttpClientConnectionOperator.java:142)
	at org.apache.http.impl.conn.PoolingHttpClientConnectionManager.connect(PoolingHttpClientConnectionManager.java:376)
	at org.apache.http.impl.execchain.MainClientExec.establishRoute(MainClientExec.java:393)
	at org.apache.http.impl.execchain.MainClientExec.execute(MainClientExec.java:236)
	at org.apache.http.impl.execchain.ProtocolExec.execute(ProtocolExec.java:186)
	at org.apache.http.impl.execchain.RetryExec.execute(RetryExec.java:89)
	at org.apache.http.impl.execchain.RedirectExec.execute(RedirectExec.java:110)
	at org.apache.http.impl.client.InternalHttpClient.doExecute(InternalHttpClient.java:185)
	at org.apache.http.impl.client.CloseableHttpClient.execute(CloseableHttpClient.java:83)
	at org.telegram.telegrambots.updatesreceivers.DefaultBotSession$ReaderThread.getUpdatesFromServer(DefaultBotSession.java:249)
	at org.telegram.telegrambots.updatesreceivers.DefaultBotSession$ReaderThread.run(DefaultBotSession.java:188)
2026-02-01 00:51:24 [eccprayerbot Telegram Connection] ERROR o.t.t.u.DefaultBotSession - Error executing org.telegram.telegrambots.meta.api.methods.updates.GetUpdates query: [409] Conflict: terminated by other getUpdates request; make sure that only one bot instance is running
org.telegram.telegrambots.meta.exceptions.TelegramApiRequestException: Error executing org.telegram.telegrambots.meta.api.methods.updates.GetUpdates query: [409] Conflict: terminated by other getUpdates request; make sure that only one bot instance is running
	at org.telegram.telegrambots.meta.api.methods.PartialBotApiMethod.deserializeResponseInternal(PartialBotApiMethod.java:54)
	at org.telegram.telegrambots.meta.api.methods.PartialBotApiMethod.deserializeResponseArray(PartialBotApiMethod.java:39)
	at org.telegram.telegrambots.meta.api.methods.updates.GetUpdates.deserializeResponse(GetUpdates.java:86)
	at org.telegram.telegrambots.updatesreceivers.DefaultBotSession$ReaderThread.getUpdatesFromServer(DefaultBotSession.java:258)
	at org.telegram.telegrambots.updatesreceivers.DefaultBotSession$ReaderThread.run(DefaultBotSession.java:188)
2026-02-01 00:51:29 [eccprayerbot Telegram Connection] ERROR o.t.t.u.DefaultBotSession - Error executing org.telegram.telegrambots.meta.api.methods.updates.GetUpdates query: [409] Conflict: terminated by other getUpdates request; make sure that only one bot instance is running
org.telegram.telegrambots.meta.exceptions.TelegramApiRequestException: Error executing org.telegram.telegrambots.meta.api.methods.updates.GetUpdates query: [409] Conflict: terminated by other getUpdates request; make sure that only one bot instance is running
	at org.telegram.telegrambots.meta.api.methods.PartialBotApiMethod.deserializeResponseInternal(PartialBotApiMethod.java:54)
	at org.telegram.telegrambots.meta.api.methods.PartialBotApiMethod.deserializeResponseArray(PartialBotApiMethod.java:39)
	at org.telegram.telegrambots.meta.api.methods.updates.GetUpdates.deserializeResponse(GetUpdates.java:86)
	at org.telegram.telegrambots.updatesreceivers.DefaultBotSession$ReaderThread.getUpdatesFromServer(DefaultBotSession.java:258)
	at org.telegram.telegrambots.updatesreceivers.DefaultBotSession$ReaderThread.run(DefaultBotSession.java:188)
2026-02-01 00:51:34 [eccprayerbot Telegram Connection] ERROR o.t.t.u.DefaultBotSession - Error executing org.telegram.telegrambots.meta.api.methods.updates.GetUpdates query: [409] Conflict: terminated by other getUpdates request; make sure that only one bot instance is running
org.telegram.telegrambots.meta.exceptions.TelegramApiRequestException: Error executing org.telegram.telegrambots.meta.api.methods.updates.GetUpdates query: [409] Conflict: terminated by other getUpdates request; make sure that only one bot instance is running
	at org.telegram.telegrambots.meta.api.methods.PartialBotApiMethod.deserializeResponseInternal(PartialBotApiMethod.java:54)
	at org.telegram.telegrambots.meta.api.methods.PartialBotApiMethod.deserializeResponseArray(PartialBotApiMethod.java:39)
	at org.telegram.telegrambots.meta.api.methods.updates.GetUpdates.deserializeResponse(GetUpdates.java:86)
	at org.telegram.telegrambots.updatesreceivers.DefaultBotSession$ReaderThread.getUpdatesFromServer(DefaultBotSession.java:258)
	at org.telegram.telegrambots.updatesreceivers.DefaultBotSession$ReaderThread.run(DefaultBotSession.java:188)
2026-02-01 00:51:39 [eccprayerbot Telegram Connection] ERROR o.t.t.u.DefaultBotSession - Error executing org.telegram.telegrambots.meta.api.methods.updates.GetUpdates query: [409] Conflict: terminated by other getUpdates request; make sure that only one bot instance is running
org.telegram.telegrambots.meta.exceptions.TelegramApiRequestException: Error executing org.telegram.telegrambots.meta.api.methods.updates.GetUpdates query: [409] Conflict: terminated by other getUpdates request; make sure that only one bot instance is running
	at org.telegram.telegrambots.meta.api.methods.PartialBotApiMethod.deserializeResponseInternal(PartialBotApiMethod.java:54)
	at org.telegram.telegrambots.meta.api.methods.PartialBotApiMethod.deserializeResponseArray(PartialBotApiMethod.java:39)
	at org.telegram.telegrambots.meta.api.methods.updates.GetUpdates.deserializeResponse(GetUpdates.java:86)
	at org.telegram.telegrambots.updatesreceivers.DefaultBotSession$ReaderThread.getUpdatesFromServer(DefaultBotSession.java:258)
	at org.telegram.telegrambots.updatesreceivers.DefaultBotSession$ReaderThread.run(DefaultBotSession.java:188)
2026-02-01 00:51:43 [eccprayerbot Telegram Connection] ERROR o.t.t.u.DefaultBotSession - Error executing org.telegram.telegrambots.meta.api.methods.updates.GetUpdates query: [409] Conflict: terminated by other getUpdates request; make sure that only one bot instance is running
org.telegram.telegrambots.meta.exceptions.TelegramApiRequestException: Error executing org.telegram.telegrambots.meta.api.methods.updates.GetUpdates query: [409] Conflict: terminated by other getUpdates request; make sure that only one bot instance is running
	at org.telegram.telegrambots.meta.api.methods.PartialBotApiMethod.deserializeResponseInternal(PartialBotApiMethod.java:54)
	at org.telegram.telegrambots.meta.api.methods.PartialBotApiMethod.deserializeResponseArray(PartialBotApiMethod.java:39)
	at org.telegram.telegrambots.meta.api.methods.updates.GetUpdates.deserializeResponse(GetUpdates.java:86)
	at org.telegram.telegrambots.updatesreceivers.DefaultBotSession$ReaderThread.getUpdatesFromServer(DefaultBotSession.java:258)
	at org.telegram.telegrambots.updatesreceivers.DefaultBotSession$ReaderThread.run(DefaultBotSession.java:188)
2026-02-01 00:51:48 [eccprayerbot Telegram Connection] ERROR o.t.t.u.DefaultBotSession - Error executing org.telegram.telegrambots.meta.api.methods.updates.GetUpdates query: [409] Conflict: terminated by other getUpdates request; make sure that only one bot instance is running
org.telegram.telegrambots.meta.exceptions.TelegramApiRequestException: Error executing org.telegram.telegrambots.meta.api.methods.updates.GetUpdates query: [409] Conflict: terminated by other getUpdates request; make sure that only one bot instance is running
	at org.telegram.telegrambots.meta.api.methods.PartialBotApiMethod.deserializeResponseInternal(PartialBotApiMethod.java:54)
	at org.telegram.telegrambots.meta.api.methods.PartialBotApiMethod.deserializeResponseArray(PartialBotApiMethod.java:39)
	at org.telegram.telegrambots.meta.api.methods.updates.GetUpdates.deserializeResponse(GetUpdates.java:86)
	at org.telegram.telegrambots.updatesreceivers.DefaultBotSession$ReaderThread.getUpdatesFromServer(DefaultBotSession.java:258)
	at org.telegram.telegrambots.updatesreceivers.DefaultBotSession$ReaderThread.run(DefaultBotSession.java:188)
2026-02-01 00:51:52 [eccprayerbot Telegram Connection] ERROR o.t.t.u.DefaultBotSession - Error executing org.telegram.telegrambots.meta.api.methods.updates.GetUpdates query: [409] Conflict: terminated by other getUpdates request; make sure that only one bot instance is running
org.telegram.telegrambots.meta.exceptions.TelegramApiRequestException: Error executing org.telegram.telegrambots.meta.api.methods.updates.GetUpdates query: [409] Conflict: terminated by other getUpdates request; make sure that only one bot instance is running
	at org.telegram.telegrambots.meta.api.methods.PartialBotApiMethod.deserializeResponseInternal(PartialBotApiMethod.java:54)
	at org.telegram.telegrambots.meta.api.methods.PartialBotApiMethod.deserializeResponseArray(PartialBotApiMethod.java:39)
	at org.telegram.telegrambots.meta.api.methods.updates.GetUpdates.deserializeResponse(GetUpdates.java:86)
	at org.telegram.telegrambots.updatesreceivers.DefaultBotSession$ReaderThread.getUpdatesFromServer(DefaultBotSession.java:258)
	at org.telegram.telegrambots.updatesreceivers.DefaultBotSession$ReaderThread.run(DefaultBotSession.java:188)
2026-02-01 00:51:56 [eccprayerbot Telegram Connection] ERROR o.t.t.u.DefaultBotSession - Error executing org.telegram.telegrambots.meta.api.methods.updates.GetUpdates query: [409] Conflict: terminated by other getUpdates request; make sure that only one bot instance is running
org.telegram.telegrambots.meta.exceptions.TelegramApiRequestException: Error executing org.telegram.telegrambots.meta.api.methods.updates.GetUpdates query: [409] Conflict: terminated by other getUpdates request; make sure that only one bot instance is running
	at org.telegram.telegrambots.meta.api.methods.PartialBotApiMethod.deserializeResponseInternal(PartialBotApiMethod.java:54)
	at org.telegram.telegrambots.meta.api.methods.PartialBotApiMethod.deserializeResponseArray(PartialBotApiMethod.java:39)
	at org.telegram.telegrambots.meta.api.methods.updates.GetUpdates.deserializeResponse(GetUpdates.java:86)
	at org.telegram.telegrambots.updatesreceivers.DefaultBotSession$ReaderThread.getUpdatesFromServer(DefaultBotSession.java:258)
	at org.telegram.telegrambots.updatesreceivers.DefaultBotSession$ReaderThread.run(DefaultBotSession.java:188)
2026-02-01 00:56:12 [eccprayerbot Telegram Connection] ERROR o.t.t.u.DefaultBotSession - Connection reset
java.net.SocketException: Connection reset
	at java.base/sun.nio.ch.NioSocketImpl.implRead(NioSocketImpl.java:317)
	at java.base/sun.nio.ch.NioSocketImpl.read(NioSocketImpl.java:345)
	at java.base/sun.nio.ch.NioSocketImpl$1.read(NioSocketImpl.java:790)
	at java.base/java.net.Socket$SocketInputStream.implRead(Socket.java:983)
	at java.base/java.net.Socket$SocketInputStream.read(Socket.java:970)
	at java.base/sun.security.ssl.SSLSocketInputRecord.read(SSLSocketInputRecord.java:489)
	at java.base/sun.security.ssl.SSLSocketInputRecord.readHeader(SSLSocketInputRecord.java:483)
	at java.base/sun.security.ssl.SSLSocketInputRecord.decode(SSLSocketInputRecord.java:160)
	at java.base/sun.security.ssl.SSLTransport.decode(SSLTransport.java:111)
	at java.base/sun.security.ssl.SSLSocketImpl.decode(SSLSocketImpl.java:1506)
	at java.base/sun.security.ssl.SSLSocketImpl.readHandshakeRecord(SSLSocketImpl.java:1421)
	at java.base/sun.security.ssl.SSLSocketImpl.startHandshake(SSLSocketImpl.java:455)
	at java.base/sun.security.ssl.SSLSocketImpl.startHandshake(SSLSocketImpl.java:426)
	at org.apache.http.conn.ssl.SSLConnectionSocketFactory.createLayeredSocket(SSLConnectionSocketFactory.java:436)
	at org.apache.http.conn.ssl.SSLConnectionSocketFactory.connectSocket(SSLConnectionSocketFactory.java:384)
	at org.apache.http.impl.conn.DefaultHttpClientConnectionOperator.connect(DefaultHttpClientConnectionOperator.java:142)
	at org.apache.http.impl.conn.PoolingHttpClientConnectionManager.connect(PoolingHttpClientConnectionManager.java:376)
	at org.apache.http.impl.execchain.MainClientExec.establishRoute(MainClientExec.java:393)
	at org.apache.http.impl.execchain.MainClientExec.execute(MainClientExec.java:236)
	at org.apache.http.impl.execchain.ProtocolExec.execute(ProtocolExec.java:186)
	at org.apache.http.impl.execchain.RetryExec.execute(RetryExec.java:89)
	at org.apache.http.impl.execchain.RedirectExec.execute(RedirectExec.java:110)
	at org.apache.http.impl.client.InternalHttpClient.doExecute(InternalHttpClient.java:185)
	at org.apache.http.impl.client.CloseableHttpClient.execute(CloseableHttpClient.java:83)
	at org.telegram.telegrambots.updatesreceivers.DefaultBotSession$ReaderThread.getUpdatesFromServer(DefaultBotSession.java:249)
	at org.telegram.telegrambots.updatesreceivers.DefaultBotSession$ReaderThread.run(DefaultBotSession.java:188)
